Test Description,Client,Hypothesis,Rationale,Walkthrough Video URL,Placement,Placement URL,Variants Weight,Primary Goals,Design Brief,Development Brief,Media/Links,GEOs,Devices,FIGMA Url,QA Report,QA Passed,PTA 1 Wk Loom URL,Post-Test Analysis (Loom),Describe what happened & what we learned,Next Steps (Action),Revenue Added (MRR) (K Format ),Goal Metric 1,Metric #1 Increase,Goal Metric 2,Metric #2 Increase,Confidence Level,Segment Deploy Applied to,Image Type,Control Image,Variant Image,Post-Test Analysis (Image),Convert Experiment ID,Created By,Record ID (from Brand Name),Brand Record ID,Sync to Schedule,Delete,Reason For Reject,Last Modified
Change hero CTA button text ,,Changing the hero CTA from “Shop Now” to “Get 20% Off Your First Order” will increase add-to-cart rate by 18% by creating stronger urgency and perceived value for new visitors.,"New visitors often hesitate with generic “Shop Now” CTAs due to lack of immediate incentive. A discount-focused message like “Get 20% Off Your First Order” creates perceived value, lowers perceived risk, and builds urgency for first-time buyers, likely lifting add-to-cart rate among cold traffic.",www.walkthroughvideourl.com,LP Hero Section,www.sdfddsfds.com,50/50,"CVR,ATC,RPV",www.fakeurl.com,www.fakeurl.com,www.medialinks.com,Australia,All Devices,,,,,,,,,,,,,,,,,,,,Jayden Grayston,,,https://forms.fillout.com/t/1ezyZa81cqus?test_idea_id=recD8Bnkhz9GM0B2b&brand_name_clean=&brand_id=&test_description=Change%20hero%20CTA%20button%20text%20&hypothesis=Changing%20the%20hero%20CTA%20from%20%E2%80%9CShop%20Now%E2%80%9D%20to%20%E2%80%9CGet%2020%25%20Off%20Your%20First%20Order%E2%80%9D%20will%20increase%20add-to-cart%20rate%20by%2018%25%20by%20creating%20stronger%20urgency%20and%20perceived%20value%20for%20new%20visitors.&rationale=New%20visitors%20often%20hesitate%20with%20generic%20%E2%80%9CShop%20Now%E2%80%9D%20CTAs%20due%20to%20lack%20of%20immediate%20incentive.%20A%20discount-focused%20message%20like%20%E2%80%9CGet%2020%25%20Off%20Your%20First%20Order%E2%80%9D%20creates%20perceived%20value%2C%20lowers%20perceived%20risk%2C%20and%20builds%20urgency%20for%20first-time%20buyers%2C%20likely%20lifting%20add-to-cart%20rate%20among%20cold%20traffic.&placement=LP%20Hero%20Section&variants_weight=50%2F50&category_primary_goals=CVR%2C%20ATC%2C%20RPV&design_brief=www.fakeurl.com&development_brief=www.fakeurl.com&media_links=www.medialinks.com&geos=Australia&devices=All%20Devices&placementURL=www.sdfddsfds.com&walkthroughVideo=www.walkthroughvideourl.com&figmaURL=&qaReport=&pta1WKLoom=&PTAFinalLoom=&whatHappened=&nextSteps=&revenueAdded=&goal1=&incrase1=&goal2=&incrase2=&confidence=&segment=&imageType=&controlImage=&variantImage=&ptaImage=&convertID=,https://more-conversions.app.n8n.cloud/webhook/ee486d3e-8a94-451e-9ef3-1ecee39cf1fc?testID=recD8Bnkhz9GM0B2b&type=deleteTestIdea,,1/15/2026 6:56am
Replace sticky “Add to Cart” ,,Replacing the sticky “Add to Cart” button with a floating one that includes a mini product image + “Only 3 left!” stock warning will boost mobile conversions by 22% by reducing friction and adding scarcity FOMO.,"Mobile users frequently abandon carts when the sticky Add to Cart button feels disconnected from the product. Adding a floating button with a mini product image keeps visual context, while the “Only 3 left!” scarcity trigger creates FOMO and urgency. This combo reduces decision friction and boosts impulse conversions on mobile.",www.walkthroughvideourl.com,Bottom Screen Floating Sticky,www.placementurl.com,50/50,"CVR,SCVR",www.fakeurl.com,www.fakeurl.com,www.medialinks.com,Canada,Desktop,,,,,,,,,,,,,,,,,,,,Jayden Grayston,,,https://forms.fillout.com/t/1ezyZa81cqus?test_idea_id=recyzBra9gAfmF8ZZ&brand_name_clean=&brand_id=&test_description=Replace%20sticky%20%E2%80%9CAdd%20to%20Cart%E2%80%9D%20&hypothesis=Replacing%20the%20sticky%20%E2%80%9CAdd%20to%20Cart%E2%80%9D%20button%20with%20a%20floating%20one%20that%20includes%20a%20mini%20product%20image%20%2B%20%E2%80%9COnly%203%20left%21%E2%80%9D%20stock%20warning%20will%20boost%20mobile%20conversions%20by%2022%25%20by%20reducing%20friction%20and%20adding%20scarcity%20FOMO.&rationale=Mobile%20users%20frequently%20abandon%20carts%20when%20the%20sticky%20Add%20to%20Cart%20button%20feels%20disconnected%20from%20the%20product.%20Adding%20a%20floating%20button%20with%20a%20mini%20product%20image%20keeps%20visual%20context%2C%20while%20the%20%E2%80%9COnly%203%20left%21%E2%80%9D%20scarcity%20trigger%20creates%20FOMO%20and%20urgency.%20This%20combo%20reduces%20decision%20friction%20and%20boosts%20impulse%20conversions%20on%20mobile.&placement=Bottom%20Screen%20Floating%20Sticky&variants_weight=50%2F50&category_primary_goals=CVR%2C%20SCVR&design_brief=www.fakeurl.com&development_brief=www.fakeurl.com&media_links=www.medialinks.com&geos=Canada&devices=Desktop&placementURL=www.placementurl.com&walkthroughVideo=www.walkthroughvideourl.com&figmaURL=&qaReport=&pta1WKLoom=&PTAFinalLoom=&whatHappened=&nextSteps=&revenueAdded=&goal1=&incrase1=&goal2=&incrase2=&confidence=&segment=&imageType=&controlImage=&variantImage=&ptaImage=&convertID=,https://more-conversions.app.n8n.cloud/webhook/ee486d3e-8a94-451e-9ef3-1ecee39cf1fc?testID=recyzBra9gAfmF8ZZ&type=deleteTestIdea,,1/15/2026 6:56am
Sticky Footer CTA Implementation,Cosara,"If we add a persistent sticky footer on mobile with the price and a CTA, then cart additions will increase because the ""path to purchase"" is always available during a long-form scroll.","Heatmaps on long-scroll pages often show a ""dead zone"" in the middle where users are convinced but cannot find the button, leading to bounce.",,Sticky Floating,https://cosara.com/pages/upgrade-uk * CA/US,50/50,"CVR,ATC","A slim, bottom-anchored bar. Left side: Thumbnail of product + ""£85 Upgrade"". Right side: Purple button ""Claim My Discount"".",Trigger bar visibility only after the user scrolls 15% down the page. Ensure it does not overlap with Live Chat icons.,,"United States,Canada,United Kingdom,Australia",All Devices,,,,,,,,,,,,,,,,,,,,Jayden Grayston,rech4cZrhZjxPcTTM,rech4cZrhZjxPcTTM,https://forms.fillout.com/t/1ezyZa81cqus?test_idea_id=recdMCndkC6RXh54w&brand_name_clean=Cosara&brand_id=rech4cZrhZjxPcTTM&test_description=Sticky%20Footer%20CTA%20Implementation&hypothesis=If%20we%20add%20a%20persistent%20sticky%20footer%20on%20mobile%20with%20the%20price%20and%20a%20CTA%2C%20then%20cart%20additions%20will%20increase%20because%20the%20%22path%20to%20purchase%22%20is%20always%20available%20during%20a%20long-form%20scroll.&rationale=Heatmaps%20on%20long-scroll%20pages%20often%20show%20a%20%22dead%20zone%22%20in%20the%20middle%20where%20users%20are%20convinced%20but%20cannot%20find%20the%20button%2C%20leading%20to%20bounce.&placement=Sticky%20Floating&variants_weight=50%2F50&category_primary_goals=CVR%2C%20ATC&design_brief=A%20slim%2C%20bottom-anchored%20bar.%20Left%20side%3A%20Thumbnail%20of%20product%20%2B%20%22%C2%A385%20Upgrade%22.%20Right%20side%3A%20Purple%20button%20%22Claim%20My%20Discount%22.&development_brief=Trigger%20bar%20visibility%20only%20after%20the%20user%20scrolls%2015%25%20down%20the%20page.%20Ensure%20it%20does%20not%20overlap%20with%20Live%20Chat%20icons.&media_links=&geos=United%20States%2C%20Canada%2C%20United%20Kingdom%2C%20Australia&devices=All%20Devices&placementURL=https%3A%2F%2Fcosara.com%2Fpages%2Fupgrade-uk%20%2a%20CA%2FUS&walkthroughVideo=&figmaURL=&qaReport=&pta1WKLoom=&PTAFinalLoom=&whatHappened=&nextSteps=&revenueAdded=&goal1=&incrase1=&goal2=&incrase2=&confidence=&segment=&imageType=&controlImage=&variantImage=&ptaImage=&convertID=,https://more-conversions.app.n8n.cloud/webhook/ee486d3e-8a94-451e-9ef3-1ecee39cf1fc?testID=recdMCndkC6RXh54w&type=deleteTestIdea,,1/3/2026 1:26am
First-Person vs. Second-Person Button Copy,Cosara," If we change CTA copy to first-person (""I Want Triple Stimulation"") instead of second-person (""Upgrade Your Pleasure""), then ATC will increase because it aligns with internal user desire.","Psychological studies in CRO show that ""I want..."" statements reduce the ""command"" feel of a button and increase the user's sense of agency.",,CTA,https://cosara.com/pages/upgrade-uk,33/33/33,"ATC,CVR","Design Brief: No layout change. Update text on all primary buttons to: ""I Want The Upgrade"" and ""I Want Triple Stimulation"".",N/A,,"United States,Canada,United Kingdom,Australia",All Devices,,,,,,,,,,,,,,,,,,,,Jayden Grayston,rech4cZrhZjxPcTTM,rech4cZrhZjxPcTTM,https://forms.fillout.com/t/1ezyZa81cqus?test_idea_id=rec7IQGv0qHiMfrct&brand_name_clean=Cosara&brand_id=rech4cZrhZjxPcTTM&test_description=First-Person%20vs.%20Second-Person%20Button%20Copy&hypothesis=%20If%20we%20change%20CTA%20copy%20to%20first-person%20%28%22I%20Want%20Triple%20Stimulation%22%29%20instead%20of%20second-person%20%28%22Upgrade%20Your%20Pleasure%22%29%2C%20then%20ATC%20will%20increase%20because%20it%20aligns%20with%20internal%20user%20desire.&rationale=Psychological%20studies%20in%20CRO%20show%20that%20%22I%20want...%22%20statements%20reduce%20the%20%22command%22%20feel%20of%20a%20button%20and%20increase%20the%20user%27s%20sense%20of%20agency.&placement=CTA&variants_weight=33%2F33%2F33&category_primary_goals=ATC%2C%20CVR&design_brief=Design%20Brief%3A%20No%20layout%20change.%20Update%20text%20on%20all%20primary%20buttons%20to%3A%20%22I%20Want%20The%20Upgrade%22%20and%20%22I%20Want%20Triple%20Stimulation%22.&development_brief=N%2FA&media_links=&geos=United%20States%2C%20Canada%2C%20United%20Kingdom%2C%20Australia&devices=All%20Devices&placementURL=https%3A%2F%2Fcosara.com%2Fpages%2Fupgrade-uk&walkthroughVideo=&figmaURL=&qaReport=&pta1WKLoom=&PTAFinalLoom=&whatHappened=&nextSteps=&revenueAdded=&goal1=&incrase1=&goal2=&incrase2=&confidence=&segment=&imageType=&controlImage=&variantImage=&ptaImage=&convertID=,https://more-conversions.app.n8n.cloud/webhook/ee486d3e-8a94-451e-9ef3-1ecee39cf1fc?testID=rec7IQGv0qHiMfrct&type=deleteTestIdea,,1/3/2026 1:26am
Expanded Mobile Search Input,Cosara," If we replace the small magnifying glass icon with a full-width search input field that includes placeholder text like ""Search for a sensation (e.g., Suction)"", then search usage and conversion will increase because users can find specific needs without digging through menus.","Search users typically convert at 2-3x the rate of browse users. On mobile, the current search icon is a small target; making it an open field encourages high-intent ""power users"" to act.",,Site-Wide (Search),https://cosara.com/,50/50,"ATC,CVR,AOV,RPV","Move search from a hidden icon to a permanent bar at the top of the mobile screen. Use a light grey background for the input and a clear placeholder: ""Find your pleasure..."".",N/A,,"United States,Canada,United Kingdom,Australia",Mobile,,,,,,,,,,,,,,,,,,,,Jayden Grayston,rech4cZrhZjxPcTTM,rech4cZrhZjxPcTTM,https://forms.fillout.com/t/1ezyZa81cqus?test_idea_id=recOrcdElcz4DJB3e&brand_name_clean=Cosara&brand_id=rech4cZrhZjxPcTTM&test_description=Expanded%20Mobile%20Search%20Input&hypothesis=%20If%20we%20replace%20the%20small%20magnifying%20glass%20icon%20with%20a%20full-width%20search%20input%20field%20that%20includes%20placeholder%20text%20like%20%22Search%20for%20a%20sensation%20%28e.g.%2C%20Suction%29%22%2C%20then%20search%20usage%20and%20conversion%20will%20increase%20because%20users%20can%20find%20specific%20needs%20without%20digging%20through%20menus.&rationale=Search%20users%20typically%20convert%20at%202-3x%20the%20rate%20of%20browse%20users.%20On%20mobile%2C%20the%20current%20search%20icon%20is%20a%20small%20target%3B%20making%20it%20an%20open%20field%20encourages%20high-intent%20%22power%20users%22%20to%20act.&placement=Site-Wide%20%28Search%29&variants_weight=50%2F50&category_primary_goals=ATC%2C%20CVR%2C%20AOV%2C%20RPV&design_brief=Move%20search%20from%20a%20hidden%20icon%20to%20a%20permanent%20bar%20at%20the%20top%20of%20the%20mobile%20screen.%20Use%20a%20light%20grey%20background%20for%20the%20input%20and%20a%20clear%20placeholder%3A%20%22Find%20your%20pleasure...%22.&development_brief=N%2FA&media_links=&geos=United%20States%2C%20Canada%2C%20United%20Kingdom%2C%20Australia&devices=Mobile&placementURL=https%3A%2F%2Fcosara.com%2F&walkthroughVideo=&figmaURL=&qaReport=&pta1WKLoom=&PTAFinalLoom=&whatHappened=&nextSteps=&revenueAdded=&goal1=&incrase1=&goal2=&incrase2=&confidence=&segment=&imageType=&controlImage=&variantImage=&ptaImage=&convertID=,https://more-conversions.app.n8n.cloud/webhook/ee486d3e-8a94-451e-9ef3-1ecee39cf1fc?testID=recOrcdElcz4DJB3e&type=deleteTestIdea,,1/3/2026 1:27am
"The ""Momentum"" CTA Injection",Cosara,"If we insert a CTA block after every primary feature description (Licking, Thrusting, Silent Tech), then the Add-to-Cart rate will increase by capturing impulse at the point of highest excitement.","Currently, the page makes the user read the entire ""story"" before offering a button. This test treats each feature as a standalone reason to buy.",,After Each Primary Section,https://cosara.com/pages/upgrade-uk,50/50,"ATC,CVR","Simple, clean buttons placed directly beneath each feature paragraph. Text: ""Get this Upgrade"".",N/A,,"United States,Canada,United Kingdom,Australia",All Devices,,,,,,,,,,,,,,,,,,,,Jayden Grayston,rech4cZrhZjxPcTTM,rech4cZrhZjxPcTTM,https://forms.fillout.com/t/1ezyZa81cqus?test_idea_id=recEd6ZTVRCDNPyu8&brand_name_clean=Cosara&brand_id=rech4cZrhZjxPcTTM&test_description=The%20%22Momentum%22%20CTA%20Injection&hypothesis=If%20we%20insert%20a%20CTA%20block%20after%20every%20primary%20feature%20description%20%28Licking%2C%20Thrusting%2C%20Silent%20Tech%29%2C%20then%20the%20Add-to-Cart%20rate%20will%20increase%20by%20capturing%20impulse%20at%20the%20point%20of%20highest%20excitement.&rationale=Currently%2C%20the%20page%20makes%20the%20user%20read%20the%20entire%20%22story%22%20before%20offering%20a%20button.%20This%20test%20treats%20each%20feature%20as%20a%20standalone%20reason%20to%20buy.&placement=After%20Each%20Primary%20Section&variants_weight=50%2F50&category_primary_goals=ATC%2C%20CVR&design_brief=Simple%2C%20clean%20buttons%20placed%20directly%20beneath%20each%20feature%20paragraph.%20Text%3A%20%22Get%20this%20Upgrade%22.&development_brief=N%2FA&media_links=&geos=United%20States%2C%20Canada%2C%20United%20Kingdom%2C%20Australia&devices=All%20Devices&placementURL=https%3A%2F%2Fcosara.com%2Fpages%2Fupgrade-uk&walkthroughVideo=&figmaURL=&qaReport=&pta1WKLoom=&PTAFinalLoom=&whatHappened=&nextSteps=&revenueAdded=&goal1=&incrase1=&goal2=&incrase2=&confidence=&segment=&imageType=&controlImage=&variantImage=&ptaImage=&convertID=,https://more-conversions.app.n8n.cloud/webhook/ee486d3e-8a94-451e-9ef3-1ecee39cf1fc?testID=recEd6ZTVRCDNPyu8&type=deleteTestIdea,,1/3/2026 1:27am
Below-CTA Trust Icons,Cosara,"If we add ""Plain Packaging"" and ""Warranty"" icons directly under every primary CTA button, then the CTR will increase because we are handling objections at the moment of peak friction.","Users often hover over a button and think ""Will my roommate see the box?"" or ""What if it breaks?"". Answering these under the button prevents them from leaving to find the shipping policy.",,Below CTA,"https://cosara.com/pages/upgrade-uk, https://cosara.com/",50/50,"ATC,CVR,RPV"," Small, monochromatic icons (box, shield, truck) with 2-word labels placed 10px below the main buttons.",N/A,,"United States,Canada,United Kingdom,Australia",All Devices,,,,,,,,,,,,,,,,,,,,Jayden Grayston,rech4cZrhZjxPcTTM,rech4cZrhZjxPcTTM,https://forms.fillout.com/t/1ezyZa81cqus?test_idea_id=reccuyThTOop2IbrW&brand_name_clean=Cosara&brand_id=rech4cZrhZjxPcTTM&test_description=Below-CTA%20Trust%20Icons&hypothesis=If%20we%20add%20%22Plain%20Packaging%22%20and%20%22Warranty%22%20icons%20directly%20under%20every%20primary%20CTA%20button%2C%20then%20the%20CTR%20will%20increase%20because%20we%20are%20handling%20objections%20at%20the%20moment%20of%20peak%20friction.&rationale=Users%20often%20hover%20over%20a%20button%20and%20think%20%22Will%20my%20roommate%20see%20the%20box%3F%22%20or%20%22What%20if%20it%20breaks%3F%22.%20Answering%20these%20under%20the%20button%20prevents%20them%20from%20leaving%20to%20find%20the%20shipping%20policy.&placement=Below%20CTA&variants_weight=50%2F50&category_primary_goals=ATC%2C%20CVR%2C%20RPV&design_brief=%20Small%2C%20monochromatic%20icons%20%28box%2C%20shield%2C%20truck%29%20with%202-word%20labels%20placed%2010px%20below%20the%20main%20buttons.&development_brief=N%2FA&media_links=&geos=United%20States%2C%20Canada%2C%20United%20Kingdom%2C%20Australia&devices=All%20Devices&placementURL=https%3A%2F%2Fcosara.com%2Fpages%2Fupgrade-uk%2C%20https%3A%2F%2Fcosara.com%2F&walkthroughVideo=&figmaURL=&qaReport=&pta1WKLoom=&PTAFinalLoom=&whatHappened=&nextSteps=&revenueAdded=&goal1=&incrase1=&goal2=&incrase2=&confidence=&segment=&imageType=&controlImage=&variantImage=&ptaImage=&convertID=,https://more-conversions.app.n8n.cloud/webhook/ee486d3e-8a94-451e-9ef3-1ecee39cf1fc?testID=reccuyThTOop2IbrW&type=deleteTestIdea,,1/3/2026 1:26am
"""Silent Tech"" Sound Comparison",Cosara,"If we add a short video or ""sound bar"" comparing a standard vibrator's noise to the Triple Vibe's silent motor, then CVR will increase among users living with roommates or partners.","""How loud is it?"" is a top-3 hidden objection. Proving the silence through a visual decibel meter or video demonstration removes that specific barrier by providing tangible proof.",,Under Comparison Chart,https://cosara.com/pages/upgrade-uk,33/33/33,"ATC,CVR,RPV","A ""Play Sound"" button next to a decibel graphic showing the Triple Vibe operates at <40dB (whisper quiet). Use a wave-form animation to visualize the low frequency. *Second Variant with Comparison",N/A,,"United States,Canada,United Kingdom,Australia",All Devices,,,,,,,,,,,,,,,,,,,,Jayden Grayston,rech4cZrhZjxPcTTM,rech4cZrhZjxPcTTM,https://forms.fillout.com/t/1ezyZa81cqus?test_idea_id=recMktcnrJ6kwJsmn&brand_name_clean=Cosara&brand_id=rech4cZrhZjxPcTTM&test_description=%22Silent%20Tech%22%20Sound%20Comparison&hypothesis=If%20we%20add%20a%20short%20video%20or%20%22sound%20bar%22%20comparing%20a%20standard%20vibrator%27s%20noise%20to%20the%20Triple%20Vibe%27s%20silent%20motor%2C%20then%20CVR%20will%20increase%20among%20users%20living%20with%20roommates%20or%20partners.&rationale=%22How%20loud%20is%20it%3F%22%20is%20a%20top-3%20hidden%20objection.%20Proving%20the%20silence%20through%20a%20visual%20decibel%20meter%20or%20video%20demonstration%20removes%20that%20specific%20barrier%20by%20providing%20tangible%20proof.&placement=Under%20Comparison%20Chart&variants_weight=33%2F33%2F33&category_primary_goals=ATC%2C%20CVR%2C%20RPV&design_brief=A%20%22Play%20Sound%22%20button%20next%20to%20a%20decibel%20graphic%20showing%20the%20Triple%20Vibe%20operates%20at%20%3C40dB%20%28whisper%20quiet%29.%20Use%20a%20wave-form%20animation%20to%20visualize%20the%20low%20frequency.%20%2aSecond%20Variant%20with%20Comparison&development_brief=N%2FA&media_links=&geos=United%20States%2C%20Canada%2C%20United%20Kingdom%2C%20Australia&devices=All%20Devices&placementURL=https%3A%2F%2Fcosara.com%2Fpages%2Fupgrade-uk&walkthroughVideo=&figmaURL=&qaReport=&pta1WKLoom=&PTAFinalLoom=&whatHappened=&nextSteps=&revenueAdded=&goal1=&incrase1=&goal2=&incrase2=&confidence=&segment=&imageType=&controlImage=&variantImage=&ptaImage=&convertID=,https://more-conversions.app.n8n.cloud/webhook/ee486d3e-8a94-451e-9ef3-1ecee39cf1fc?testID=recMktcnrJ6kwJsmn&type=deleteTestIdea,,1/3/2026 1:27am
Unboxing Privacy Assurance,Cosara,"If we show a 5-second loop of a plain, unbranded brown box being delivered and opened to reveal the Triple Vibe, then Cart Abandonment will decrease.","Users fear a giant ""VIBRATOR"" logo on their doorstep. Showing the literal brown box removes the ""Delivery Anxiety"" that kills sales at the final step.",,Before FAQ,https://cosara.com/pages/upgrade-uk,33/33/33,"ATC,CVR,RPV","A high-quality looping GIF or video. Frame 1: A plain brown box on a doorstep (no logos). Frame 2: Box opens to reveal a sleek, premium Cosara box inside. *Create a second variant where the GIF is placed in ""Is your packaging discreet"" question itself",N.A,,"United States,Canada,United Kingdom,Australia",All Devices,,,,,,,,,,,,,,,,,,,,Jayden Grayston,rech4cZrhZjxPcTTM,rech4cZrhZjxPcTTM,https://forms.fillout.com/t/1ezyZa81cqus?test_idea_id=recCA6NGJyO0gCWKw&brand_name_clean=Cosara&brand_id=rech4cZrhZjxPcTTM&test_description=Unboxing%20Privacy%20Assurance&hypothesis=If%20we%20show%20a%205-second%20loop%20of%20a%20plain%2C%20unbranded%20brown%20box%20being%20delivered%20and%20opened%20to%20reveal%20the%20Triple%20Vibe%2C%20then%20Cart%20Abandonment%20will%20decrease.&rationale=Users%20fear%20a%20giant%20%22VIBRATOR%22%20logo%20on%20their%20doorstep.%20Showing%20the%20literal%20brown%20box%20removes%20the%20%22Delivery%20Anxiety%22%20that%20kills%20sales%20at%20the%20final%20step.&placement=Before%20FAQ&variants_weight=33%2F33%2F33&category_primary_goals=ATC%2C%20CVR%2C%20RPV&design_brief=A%20high-quality%20looping%20GIF%20or%20video.%20Frame%201%3A%20A%20plain%20brown%20box%20on%20a%20doorstep%20%28no%20logos%29.%20Frame%202%3A%20Box%20opens%20to%20reveal%20a%20sleek%2C%20premium%20Cosara%20box%20inside.%20%2aCreate%20a%20second%20variant%20where%20the%20GIF%20is%20placed%20in%20%22Is%20your%20packaging%20discreet%22%20question%20itself&development_brief=N.A&media_links=&geos=United%20States%2C%20Canada%2C%20United%20Kingdom%2C%20Australia&devices=All%20Devices&placementURL=https%3A%2F%2Fcosara.com%2Fpages%2Fupgrade-uk&walkthroughVideo=&figmaURL=&qaReport=&pta1WKLoom=&PTAFinalLoom=&whatHappened=&nextSteps=&revenueAdded=&goal1=&incrase1=&goal2=&incrase2=&confidence=&segment=&imageType=&controlImage=&variantImage=&ptaImage=&convertID=,https://more-conversions.app.n8n.cloud/webhook/ee486d3e-8a94-451e-9ef3-1ecee39cf1fc?testID=recCA6NGJyO0gCWKw&type=deleteTestIdea,,1/3/2026 1:26am
PDP Multi-Unit Pre-Select Buy Box,Dr Woof Apparel,"Replacing standard quantity selectors with pre-set boxes (1 Unit, 3 Units, 6 Units) will anchor the user toward higher-quantity purchases, significantly increasing AOV.","Your founder identified that the current UI makes it hard to order more than 1 unit, and Ron noted that competing brands focus heavily on ""packs"".",,PDP Buy Box,drwoofapparel.com/products/,50/50,"AOV,Units per Order","Redesign the PDP buy box to feature three large, selectable blocks above the ""Add to Cart"" button. Block 1: ""1 Pair"", Block 2: ""3 Pairs (Most Popular)"", Block 3: ""6 Pairs (Best Value)"".",,,"US,AU (Primary Focus)",All,,,,,,,,,,,,,,,,,,,,Drew Batcheller,recdcw1a3E21HYkYW,recdcw1a3E21HYkYW,https://forms.fillout.com/t/1ezyZa81cqus?test_idea_id=recaJEuu3AyESfmIT&brand_name_clean=Dr%20Woof%20Apparel&brand_id=recdcw1a3E21HYkYW&test_description=PDP%20Multi-Unit%20Pre-Select%20Buy%20Box&hypothesis=Replacing%20standard%20quantity%20selectors%20with%20pre-set%20boxes%20%281%20Unit%2C%203%20Units%2C%206%20Units%29%20will%20anchor%20the%20user%20toward%20higher-quantity%20purchases%2C%20significantly%20increasing%20AOV.&rationale=Your%20founder%20identified%20that%20the%20current%20UI%20makes%20it%20hard%20to%20order%20more%20than%201%20unit%2C%20and%20Ron%20noted%20that%20competing%20brands%20focus%20heavily%20on%20%22packs%22.&placement=PDP%20Buy%20Box&variants_weight=50%2F50&category_primary_goals=AOV%2C%20Units%20per%20Order&design_brief=Redesign%20the%20PDP%20buy%20box%20to%20feature%20three%20large%2C%20selectable%20blocks%20above%20the%20%22Add%20to%20Cart%22%20button.%20Block%201%3A%20%221%20Pair%22%2C%20Block%202%3A%20%223%20Pairs%20%28Most%20Popular%29%22%2C%20Block%203%3A%20%226%20Pairs%20%28Best%20Value%29%22.&development_brief=&media_links=&geos=US%2C%20AU%20%28Primary%20Focus%29&devices=All&placementURL=drwoofapparel.com%2Fproducts%2F&walkthroughVideo=&figmaURL=&qaReport=&pta1WKLoom=&PTAFinalLoom=&whatHappened=&nextSteps=&revenueAdded=&goal1=&incrase1=&goal2=&incrase2=&confidence=&segment=&imageType=&controlImage=&variantImage=&ptaImage=&convertID=,https://more-conversions.app.n8n.cloud/webhook/ee486d3e-8a94-451e-9ef3-1ecee39cf1fc?testID=recaJEuu3AyESfmIT&type=deleteTestIdea,,2/9/2026 5:49pm
PDP Best-Seller Variant Highlighting,Dr Woof Apparel,"Highlighting the ""Top 5"" best-selling variants (Navy, Black, Caribbean Blue, etc.) and hiding the rest behind a ""See More"" toggle will reduce choice paralysis and drive more conversions.","The 70% of revenue comes from the ""Core 3"" colors. Simplifying the view prioritizes these winners.",,PDP Variant Selector,drwoofapparel.com/products/,50/50,"CVR,Add to Cart Rate","Limit the initial variant grid to 5 thumbnails. Add a ""+ More Colors"" button that expands to show the full range.",,,All GEOs,All,,,,,,,,,,,,,,,,,,,,Drew Batcheller,recdcw1a3E21HYkYW,recdcw1a3E21HYkYW,https://forms.fillout.com/t/1ezyZa81cqus?test_idea_id=recvFuwsG78Lab62I&brand_name_clean=Dr%20Woof%20Apparel&brand_id=recdcw1a3E21HYkYW&test_description=PDP%20Best-Seller%20Variant%20Highlighting&hypothesis=Highlighting%20the%20%22Top%205%22%20best-selling%20variants%20%28Navy%2C%20Black%2C%20Caribbean%20Blue%2C%20etc.%29%20and%20hiding%20the%20rest%20behind%20a%20%22See%20More%22%20toggle%20will%20reduce%20choice%20paralysis%20and%20drive%20more%20conversions.&rationale=The%2070%25%20of%20revenue%20comes%20from%20the%20%22Core%203%22%20colors.%20Simplifying%20the%20view%20prioritizes%20these%20winners.&placement=PDP%20Variant%20Selector&variants_weight=50%2F50&category_primary_goals=CVR%2C%20Add%20to%20Cart%20Rate&design_brief=Limit%20the%20initial%20variant%20grid%20to%205%20thumbnails.%20Add%20a%20%22%2B%20More%20Colors%22%20button%20that%20expands%20to%20show%20the%20full%20range.&development_brief=&media_links=&geos=All%20GEOs&devices=All&placementURL=drwoofapparel.com%2Fproducts%2F&walkthroughVideo=&figmaURL=&qaReport=&pta1WKLoom=&PTAFinalLoom=&whatHappened=&nextSteps=&revenueAdded=&goal1=&incrase1=&goal2=&incrase2=&confidence=&segment=&imageType=&controlImage=&variantImage=&ptaImage=&convertID=,https://more-conversions.app.n8n.cloud/webhook/ee486d3e-8a94-451e-9ef3-1ecee39cf1fc?testID=recvFuwsG78Lab62I&type=deleteTestIdea,,2/9/2026 5:51pm
PDP Professional Trust Bar,Dr Woof Apparel,Adding a technical trust bar highlighting medical-grade quality will validate the premium price point for both healthcare pros and new demographics (travelers/athletes).,"Ron mentioned that their brand DNA is medical apparel. Highlighting ""50k+ Nurses"" and ""12-hour comfort"" anchors that quality.",,PDP (Below Buy Button),All PDPs,50/50,"CVR,Trust Score","Add a clean, 3-icon grid immediately below the ""Add to Cart"" button. Use thin, medical-style icons. Icons: 1. ""Medical-Grade Compression"", 2. ""Trusted by 50k+ Professionals"", 3. ""12hr Shift Comfort"".",,,International,All,,,,,,,,,,,,,,,,,,,,Drew Batcheller,recdcw1a3E21HYkYW,recdcw1a3E21HYkYW,https://forms.fillout.com/t/1ezyZa81cqus?test_idea_id=recwg2x0LZIR1W8Z4&brand_name_clean=Dr%20Woof%20Apparel&brand_id=recdcw1a3E21HYkYW&test_description=PDP%20Professional%20Trust%20Bar&hypothesis=Adding%20a%20technical%20trust%20bar%20highlighting%20medical-grade%20quality%20will%20validate%20the%20premium%20price%20point%20for%20both%20healthcare%20pros%20and%20new%20demographics%20%28travelers%2Fathletes%29.&rationale=Ron%20mentioned%20that%20their%20brand%20DNA%20is%20medical%20apparel.%20Highlighting%20%2250k%2B%20Nurses%22%20and%20%2212-hour%20comfort%22%20anchors%20that%20quality.&placement=PDP%20%28Below%20Buy%20Button%29&variants_weight=50%2F50&category_primary_goals=CVR%2C%20Trust%20Score&design_brief=Add%20a%20clean%2C%203-icon%20grid%20immediately%20below%20the%20%22Add%20to%20Cart%22%20button.%20Use%20thin%2C%20medical-style%20icons.%20Icons%3A%201.%20%22Medical-Grade%20Compression%22%2C%202.%20%22Trusted%20by%2050k%2B%20Professionals%22%2C%203.%20%2212hr%20Shift%20Comfort%22.&development_brief=&media_links=&geos=International&devices=All&placementURL=All%20PDPs&walkthroughVideo=&figmaURL=&qaReport=&pta1WKLoom=&PTAFinalLoom=&whatHappened=&nextSteps=&revenueAdded=&goal1=&incrase1=&goal2=&incrase2=&confidence=&segment=&imageType=&controlImage=&variantImage=&ptaImage=&convertID=,https://more-conversions.app.n8n.cloud/webhook/ee486d3e-8a94-451e-9ef3-1ecee39cf1fc?testID=recwg2x0LZIR1W8Z4&type=deleteTestIdea,,2/9/2026 5:49pm
Quantity Reward Offer Test (Gift vs. Discount),Dr Woof Apparel,"Testing a ""Buy 4, Get 1 Free"" or ""Free Shipping"" offer against the standard % discount will prove a higher emotional value, leading to more multi-unit orders.",Your founder suggested changing quantity break rewards from discounts to physical rewards or shipping benefits to test AOV impact.,,"PDP, Cart",Products & Cart,50/50,"AOV,Units per Order","Update the site-wide banner and the PDP quantity blocks to feature the ""FREE"" offer (e.g., ""Add 3 Pairs for FREE Shipping"").",,,All GEOs,All,,,,,,,,,,,,,,,,,,,,Drew Batcheller,recdcw1a3E21HYkYW,recdcw1a3E21HYkYW,https://forms.fillout.com/t/1ezyZa81cqus?test_idea_id=recWIdI28kXLaqIgl&brand_name_clean=Dr%20Woof%20Apparel&brand_id=recdcw1a3E21HYkYW&test_description=Quantity%20Reward%20Offer%20Test%20%28Gift%20vs.%20Discount%29&hypothesis=Testing%20a%20%22Buy%204%2C%20Get%201%20Free%22%20or%20%22Free%20Shipping%22%20offer%20against%20the%20standard%20%25%20discount%20will%20prove%20a%20higher%20emotional%20value%2C%20leading%20to%20more%20multi-unit%20orders.&rationale=Your%20founder%20suggested%20changing%20quantity%20break%20rewards%20from%20discounts%20to%20physical%20rewards%20or%20shipping%20benefits%20to%20test%20AOV%20impact.&placement=PDP%2C%20Cart&variants_weight=50%2F50&category_primary_goals=AOV%2C%20Units%20per%20Order&design_brief=Update%20the%20site-wide%20banner%20and%20the%20PDP%20quantity%20blocks%20to%20feature%20the%20%22FREE%22%20offer%20%28e.g.%2C%20%22Add%203%20Pairs%20for%20FREE%20Shipping%22%29.&development_brief=&media_links=&geos=All%20GEOs&devices=All&placementURL=Products%20%26%20Cart&walkthroughVideo=&figmaURL=&qaReport=&pta1WKLoom=&PTAFinalLoom=&whatHappened=&nextSteps=&revenueAdded=&goal1=&incrase1=&goal2=&incrase2=&confidence=&segment=&imageType=&controlImage=&variantImage=&ptaImage=&convertID=,https://more-conversions.app.n8n.cloud/webhook/ee486d3e-8a94-451e-9ef3-1ecee39cf1fc?testID=recWIdI28kXLaqIgl&type=deleteTestIdea,,2/9/2026 5:51pm
"Collection Page ""Pack First"" Merchandising",Dr Woof Apparel,"Forcing the first 4 slots on collection pages to be Bundles/Packs will anchor users at a higher price point, making single pairs look cheaper and bundles look like a better deal.","Connor identified a huge opportunity to push ""Black Socks Packs"" directly rather than just single pairs.",,Collection Product Grid,drwoofapparel.com/collections/,50/50,"AOV,Bundle CTR","Configure the product grid to inject the ""Core 3-Pack"" and ""Bestseller 6-Pack"" into the first four slots of the collection view.",,,All GEOs,All,,,,,,,,,,,,,,,,,,,,Drew Batcheller,recdcw1a3E21HYkYW,recdcw1a3E21HYkYW,https://forms.fillout.com/t/1ezyZa81cqus?test_idea_id=recr6BAR1pKJCW4Ud&brand_name_clean=Dr%20Woof%20Apparel&brand_id=recdcw1a3E21HYkYW&test_description=Collection%20Page%20%22Pack%20First%22%20Merchandising&hypothesis=Forcing%20the%20first%204%20slots%20on%20collection%20pages%20to%20be%20Bundles%2FPacks%20will%20anchor%20users%20at%20a%20higher%20price%20point%2C%20making%20single%20pairs%20look%20cheaper%20and%20bundles%20look%20like%20a%20better%20deal.&rationale=Connor%20identified%20a%20huge%20opportunity%20to%20push%20%22Black%20Socks%20Packs%22%20directly%20rather%20than%20just%20single%20pairs.&placement=Collection%20Product%20Grid&variants_weight=50%2F50&category_primary_goals=AOV%2C%20Bundle%20CTR&design_brief=Configure%20the%20product%20grid%20to%20inject%20the%20%22Core%203-Pack%22%20and%20%22Bestseller%206-Pack%22%20into%20the%20first%20four%20slots%20of%20the%20collection%20view.&development_brief=&media_links=&geos=All%20GEOs&devices=All&placementURL=drwoofapparel.com%2Fcollections%2F&walkthroughVideo=&figmaURL=&qaReport=&pta1WKLoom=&PTAFinalLoom=&whatHappened=&nextSteps=&revenueAdded=&goal1=&incrase1=&goal2=&incrase2=&confidence=&segment=&imageType=&controlImage=&variantImage=&ptaImage=&convertID=,https://more-conversions.app.n8n.cloud/webhook/ee486d3e-8a94-451e-9ef3-1ecee39cf1fc?testID=recr6BAR1pKJCW4Ud&type=deleteTestIdea,,2/9/2026 5:51pm
"Slide-out Cart ""Complete the Set"" Nudge",Dr Woof Apparel,"Adding a progress bar and ""Quick Add"" options for Navy, Black, and Caribbean Blue in the cart will nudge single-item buyers to complete a 3-pack set.","The ""Core 3"" colors drive the majority of revenue. This cart logic leans into that existing behavior.",,Cart Drawer,All pages,50/50,"Units per Order,AOV","Inside the slide-out cart, add a visual bar that fills as users add Core 3 items. Below the bar, show a ""Missing these?"" section with quick-add buttons for the other core colors.",,,International,All,,,,,,,,,,,,,,,,,,,,Drew Batcheller,recdcw1a3E21HYkYW,recdcw1a3E21HYkYW,https://forms.fillout.com/t/1ezyZa81cqus?test_idea_id=reccScKu8LHZNKhVn&brand_name_clean=Dr%20Woof%20Apparel&brand_id=recdcw1a3E21HYkYW&test_description=Slide-out%20Cart%20%22Complete%20the%20Set%22%20Nudge&hypothesis=Adding%20a%20progress%20bar%20and%20%22Quick%20Add%22%20options%20for%20Navy%2C%20Black%2C%20and%20Caribbean%20Blue%20in%20the%20cart%20will%20nudge%20single-item%20buyers%20to%20complete%20a%203-pack%20set.&rationale=The%20%22Core%203%22%20colors%20drive%20the%20majority%20of%20revenue.%20This%20cart%20logic%20leans%20into%20that%20existing%20behavior.&placement=Cart%20Drawer&variants_weight=50%2F50&category_primary_goals=Units%20per%20Order%2C%20AOV&design_brief=Inside%20the%20slide-out%20cart%2C%20add%20a%20visual%20bar%20that%20fills%20as%20users%20add%20Core%203%20items.%20Below%20the%20bar%2C%20show%20a%20%22Missing%20these%3F%22%20section%20with%20quick-add%20buttons%20for%20the%20other%20core%20colors.&development_brief=&media_links=&geos=International&devices=All&placementURL=All%20pages&walkthroughVideo=&figmaURL=&qaReport=&pta1WKLoom=&PTAFinalLoom=&whatHappened=&nextSteps=&revenueAdded=&goal1=&incrase1=&goal2=&incrase2=&confidence=&segment=&imageType=&controlImage=&variantImage=&ptaImage=&convertID=,https://more-conversions.app.n8n.cloud/webhook/ee486d3e-8a94-451e-9ef3-1ecee39cf1fc?testID=reccScKu8LHZNKhVn&type=deleteTestIdea,,2/9/2026 5:49pm
Replace sticky “Add to Cart”  copy,Fake Brand,"Replacing the sticky “Add to Cart” button with a floating one that includes a mini product image + “Only 3 left!” stock warning will boost mobile conversions by 22% by reducing friction and adding scarcity FOMO.
","Mobile users frequently abandon carts when the sticky Add to Cart button feels disconnected from the product. Adding a floating button with a mini product image keeps visual context, while the “Only 3 left!” scarcity trigger creates FOMO and urgency. This combo reduces decision friction and boosts impulse conversions on mobile.
",,Bottom Screen Floating Sticky,www.placementurl.com,50/50,CVR,www.fakeurl.com,www.fakeurl.com,www.medialinks.com,Canada,Desktop,www.fakeurl.com,,checked,www.fakeloomurl.com,www.fakeloomurl.com,"Lorem ipsum dolor sit amet, consectetur adipiscing elit. Sed do eiusmod tempor incididunt ut labore et dolore magna aliqua.

","Lorem ipsum dolor sit amet, consectetur adipiscing elit. Sed do eiusmod tempor incididunt ut labore et dolore magna aliqua.",$534532.00,AOV,48900%,AOV,33900%,0%,All Users,Mobile,Untitled-1.jpg (https://v5.airtableusercontent.com/v3/u/50/50/1772344800000/UCN4AHHhR_TwLpfGEjt20g/DyHPyFSfIFk_ZZCxxGHCTzA78GHE2k3DoqnUdpl4Qe41rlbjWY-AxvzNQ7kckGa0lq9tgfYS5WRRM1IsFE0kJr3KO1VafXNpKneqYSQ9dQccCEYcw050t8RZ62gPdAfcFDzdc2tZvWzK0gqrQyMZxw/-EO6lOXds_UIs22COiKgUmC0oSwybNMvVxF2FGkZ7ck),image4.jpg (https://v5.airtableusercontent.com/v3/u/50/50/1772344800000/0msuVUCmmi-97IZvqeIkjw/0ZP_QXcPTZPa93t1mxqPozCEnR0C6Zkw3g2QR1pi-rnowcfRaBeYJRHp_w5dTbkUg_1Su0WCDgJU-4bu9rUB6snvcmbviMnI0prR6w5ELRyHIz59spYzb1elWbe0uAMw0FzUoOgP5z7OrA-L8BnW6A/_cluSCApxJVgQxrdad8cTmdgAG7NMIic2vGA9GFlo2Y),image5.jpg (https://v5.airtableusercontent.com/v3/u/50/50/1772344800000/VHKm5OG86Hlrfr9JyGEt8w/LMm51MbQau6_5WxR6DdG3VuELtD9aqLt_kxlIaLGQNRhh33vwh53CDnzFsKKWmC9hgNt0_-qByTMin0Uz1yHLqjZMCS7QPcDx07c4ycytUtfxHCZyzz2oM0d3ZgMBhU3pY8KDySAHmEQfBjPqLQAiw/JICMbbnEM89THazCsp89Bbr1Q3eSPBHuYE2_3G3wjJg),1004144117,Jayden Grayston,recIB3UBx9nc2rYGu,recIB3UBx9nc2rYGu,https://forms.fillout.com/t/1ezyZa81cqus?test_idea_id=rec6dSEJeUmNEpXxx&brand_name_clean=Fake%20Brand&brand_id=recIB3UBx9nc2rYGu&test_description=Replace%20sticky%20%E2%80%9CAdd%20to%20Cart%E2%80%9D%20%20copy&hypothesis=Replacing%20the%20sticky%20%E2%80%9CAdd%20to%20Cart%E2%80%9D%20button%20with%20a%20floating%20one%20that%20includes%20a%20mini%20product%20image%20%2B%20%E2%80%9COnly%203%20left%21%E2%80%9D%20stock%20warning%20will%20boost%20mobile%20conversions%20by%2022%25%20by%20reducing%20friction%20and%20adding%20scarcity%20FOMO.%0A&rationale=Mobile%20users%20frequently%20abandon%20carts%20when%20the%20sticky%20Add%20to%20Cart%20button%20feels%20disconnected%20from%20the%20product.%20Adding%20a%20floating%20button%20with%20a%20mini%20product%20image%20keeps%20visual%20context%2C%20while%20the%20%E2%80%9COnly%203%20left%21%E2%80%9D%20scarcity%20trigger%20creates%20FOMO%20and%20urgency.%20This%20combo%20reduces%20decision%20friction%20and%20boosts%20impulse%20conversions%20on%20mobile.%0A&placement=Bottom%20Screen%20Floating%20Sticky&variants_weight=50%2F50&category_primary_goals=CVR&design_brief=www.fakeurl.com&development_brief=www.fakeurl.com&media_links=www.medialinks.com&geos=Canada&devices=Desktop&placementURL=www.placementurl.com&walkthroughVideo=&figmaURL=www.fakeurl.com&qaReport=&pta1WKLoom=www.fakeloomurl.com&PTAFinalLoom=www.fakeloomurl.com&whatHappened=Lorem%20ipsum%20dolor%20sit%20amet%2C%20consectetur%20adipiscing%20elit.%20Sed%20do%20eiusmod%20tempor%20incididunt%20ut%20labore%20et%20dolore%20magna%20aliqua.%0A%0A&nextSteps=Lorem%20ipsum%20dolor%20sit%20amet%2C%20consectetur%20adipiscing%20elit.%20Sed%20do%20eiusmod%20tempor%20incididunt%20ut%20labore%20et%20dolore%20magna%20aliqua.&revenueAdded=534532&goal1=AOV&incrase1=489&goal2=AOV&incrase2=339&confidence=0&segment=All Users&imageType=Mobile&controlImage=All Users&variantImage=All Users&ptaImage=image5.jpg (https://dl.airtable.com/.directUrlUploadAttachment/a59218ec94590512a9e752c8551bde2c/688b582e)&convertID=1004144117,https://more-conversions.app.n8n.cloud/webhook/ee486d3e-8a94-451e-9ef3-1ecee39cf1fc?testID=rec6dSEJeUmNEpXxx&type=deleteTestIdea,,2/6/2026 7:13am
Replace sticky “Add to Cart”  copy,Fake Brand,"Replacing the sticky “Add to Cart” button with a floating one that includes a mini product image + “Only 3 left!” stock warning will boost mobile conversions by 22% by reducing friction and adding scarcity FOMO.
","Mobile users frequently abandon carts when the sticky Add to Cart button feels disconnected from the product. Adding a floating button with a mini product image keeps visual context, while the “Only 3 left!” scarcity trigger creates FOMO and urgency. This combo reduces decision friction and boosts impulse conversions on mobile.
",,Bottom Screen Floating Sticky,www.placementurl.com,50/50,CVR,www.fakeurl.com,www.fakeurl.com,www.medialinks.com,Canada,Desktop,www.fakeurl.com,,checked,www.fakeloomurl.com,www.fakeloomurl.com,"Lorem ipsum dolor sit amet, consectetur adipiscing elit. Sed do eiusmod tempor incididunt ut labore et dolore magna aliqua.

","Lorem ipsum dolor sit amet, consectetur adipiscing elit. Sed do eiusmod tempor incididunt ut labore et dolore magna aliqua.",$534532.00,AOV,48900%,AOV,33900%,0%,All Users,Mobile,,,,recd0jk5OA6oFhDRd,Drew Batcheller,recIB3UBx9nc2rYGu,recIB3UBx9nc2rYGu,https://forms.fillout.com/t/1ezyZa81cqus?test_idea_id=recyhX15GI5Qzy023&brand_name_clean=Fake%20Brand&brand_id=recIB3UBx9nc2rYGu&test_description=Replace%20sticky%20%E2%80%9CAdd%20to%20Cart%E2%80%9D%20%20copy&hypothesis=Replacing%20the%20sticky%20%E2%80%9CAdd%20to%20Cart%E2%80%9D%20button%20with%20a%20floating%20one%20that%20includes%20a%20mini%20product%20image%20%2B%20%E2%80%9COnly%203%20left%21%E2%80%9D%20stock%20warning%20will%20boost%20mobile%20conversions%20by%2022%25%20by%20reducing%20friction%20and%20adding%20scarcity%20FOMO.%0A&rationale=Mobile%20users%20frequently%20abandon%20carts%20when%20the%20sticky%20Add%20to%20Cart%20button%20feels%20disconnected%20from%20the%20product.%20Adding%20a%20floating%20button%20with%20a%20mini%20product%20image%20keeps%20visual%20context%2C%20while%20the%20%E2%80%9COnly%203%20left%21%E2%80%9D%20scarcity%20trigger%20creates%20FOMO%20and%20urgency.%20This%20combo%20reduces%20decision%20friction%20and%20boosts%20impulse%20conversions%20on%20mobile.%0A&placement=Bottom%20Screen%20Floating%20Sticky&variants_weight=50%2F50&category_primary_goals=CVR&design_brief=www.fakeurl.com&development_brief=www.fakeurl.com&media_links=www.medialinks.com&geos=Canada&devices=Desktop&placementURL=www.placementurl.com&walkthroughVideo=&figmaURL=www.fakeurl.com&qaReport=&pta1WKLoom=www.fakeloomurl.com&PTAFinalLoom=www.fakeloomurl.com&whatHappened=Lorem%20ipsum%20dolor%20sit%20amet%2C%20consectetur%20adipiscing%20elit.%20Sed%20do%20eiusmod%20tempor%20incididunt%20ut%20labore%20et%20dolore%20magna%20aliqua.%0A%0A&nextSteps=Lorem%20ipsum%20dolor%20sit%20amet%2C%20consectetur%20adipiscing%20elit.%20Sed%20do%20eiusmod%20tempor%20incididunt%20ut%20labore%20et%20dolore%20magna%20aliqua.&revenueAdded=534532&goal1=AOV&incrase1=489&goal2=AOV&incrase2=339&confidence=0&segment=All Users&imageType=Mobile&controlImage=All Users&variantImage=All Users&ptaImage=&convertID=recd0jk5OA6oFhDRd,https://more-conversions.app.n8n.cloud/webhook/ee486d3e-8a94-451e-9ef3-1ecee39cf1fc?testID=recyhX15GI5Qzy023&type=deleteTestIdea,,2/10/2026 4:24am
High-Intent Before & After Anchor,The Ayurveda Experience,"Placing visual ""proof"" immediately after the claim will validate the product's efficacy before the user has a chance to bounce.","Skincare users prioritize visual evidence over text. Moving B&As higher addresses the ""does this actually work?"" objection early in the scroll.",,Directly below the Hero/Introduction section.,https://theayurvedaexperience.com/pages/firm-focus-neck-mask-a,50/50,"CVR,RPV,PPV","Insert a ""Real Results"" section with a high-contrast Before & After carousel. Use clear ""Day 1"" and ""Day 28"" labels. Keep the background clean and clinical to emphasize the skin changes.",N/A,,"United States,Canada,Australia",All Devices,,,,,,,,,,,,,,,,,,,,Jayden Grayston,reclVTVRDrXEZL7mt,reclVTVRDrXEZL7mt,https://forms.fillout.com/t/1ezyZa81cqus?test_idea_id=recZZcsAIr0H7rBt5&brand_name_clean=The%20Ayurveda%20Experience&brand_id=reclVTVRDrXEZL7mt&test_description=High-Intent%20Before%20%26%20After%20Anchor&hypothesis=Placing%20visual%20%22proof%22%20immediately%20after%20the%20claim%20will%20validate%20the%20product%27s%20efficacy%20before%20the%20user%20has%20a%20chance%20to%20bounce.&rationale=Skincare%20users%20prioritize%20visual%20evidence%20over%20text.%20Moving%20B%26As%20higher%20addresses%20the%20%22does%20this%20actually%20work%3F%22%20objection%20early%20in%20the%20scroll.&placement=Directly%20below%20the%20Hero%2FIntroduction%20section.&variants_weight=50%2F50&category_primary_goals=CVR%2C%20RPV%2C%20PPV&design_brief=Insert%20a%20%22Real%20Results%22%20section%20with%20a%20high-contrast%20Before%20%26%20After%20carousel.%20Use%20clear%20%22Day%201%22%20and%20%22Day%2028%22%20labels.%20Keep%20the%20background%20clean%20and%20clinical%20to%20emphasize%20the%20skin%20changes.&development_brief=N%2FA&media_links=&geos=United%20States%2C%20Canada%2C%20Australia&devices=All%20Devices&placementURL=https%3A%2F%2Ftheayurvedaexperience.com%2Fpages%2Ffirm-focus-neck-mask-a&walkthroughVideo=&figmaURL=&qaReport=&pta1WKLoom=&PTAFinalLoom=&whatHappened=&nextSteps=&revenueAdded=&goal1=&incrase1=&goal2=&incrase2=&confidence=&segment=&imageType=&controlImage=&variantImage=&ptaImage=&convertID=,https://more-conversions.app.n8n.cloud/webhook/ee486d3e-8a94-451e-9ef3-1ecee39cf1fc?testID=recZZcsAIr0H7rBt5&type=deleteTestIdea,,1/19/2026 11:04pm
"""Tradition vs. Science"" Ingredient Grid",The Ayurveda Experience,"Grouping ingredients by ""Ayurvedic"" and ""Clinical"" satisfies both the holistic and results-oriented personas simultaneously.","The current list is a ""wall of text."" A grid or table allows users to self-segment and find the proof points they care about most.",,"Middle of page, replacing the long vertical ingredient descriptions.",https://theayurvedaexperience.com/pages/firm-focus-neck-mask-a,50/50,CVR,"Design a 2-column or 4-box grid. Column 1: ""The Ayurvedic Powerhouse"" (Lotus/Lily icons). Column 2: ""The Clinical Powerhouse"" (Ceramide/Kelp icons). Use short, 2-line descriptions for each.",N/A,,"United States,Canada,Australia",All Devices,,,,,,,,,,,,,,,,,,,,Jayden Grayston,reclVTVRDrXEZL7mt,reclVTVRDrXEZL7mt,https://forms.fillout.com/t/1ezyZa81cqus?test_idea_id=reciPpxOI0PcMqn7q&brand_name_clean=The%20Ayurveda%20Experience&brand_id=reclVTVRDrXEZL7mt&test_description=%22Tradition%20vs.%20Science%22%20Ingredient%20Grid&hypothesis=Grouping%20ingredients%20by%20%22Ayurvedic%22%20and%20%22Clinical%22%20satisfies%20both%20the%20holistic%20and%20results-oriented%20personas%20simultaneously.&rationale=The%20current%20list%20is%20a%20%22wall%20of%20text.%22%20A%20grid%20or%20table%20allows%20users%20to%20self-segment%20and%20find%20the%20proof%20points%20they%20care%20about%20most.&placement=Middle%20of%20page%2C%20replacing%20the%20long%20vertical%20ingredient%20descriptions.&variants_weight=50%2F50&category_primary_goals=CVR&design_brief=Design%20a%202-column%20or%204-box%20grid.%20Column%201%3A%20%22The%20Ayurvedic%20Powerhouse%22%20%28Lotus%2FLily%20icons%29.%20Column%202%3A%20%22The%20Clinical%20Powerhouse%22%20%28Ceramide%2FKelp%20icons%29.%20Use%20short%2C%202-line%20descriptions%20for%20each.&development_brief=N%2FA&media_links=&geos=United%20States%2C%20Canada%2C%20Australia&devices=All%20Devices&placementURL=https%3A%2F%2Ftheayurvedaexperience.com%2Fpages%2Ffirm-focus-neck-mask-a&walkthroughVideo=&figmaURL=&qaReport=&pta1WKLoom=&PTAFinalLoom=&whatHappened=&nextSteps=&revenueAdded=&goal1=&incrase1=&goal2=&incrase2=&confidence=&segment=&imageType=&controlImage=&variantImage=&ptaImage=&convertID=,https://more-conversions.app.n8n.cloud/webhook/ee486d3e-8a94-451e-9ef3-1ecee39cf1fc?testID=reciPpxOI0PcMqn7q&type=deleteTestIdea,,1/19/2026 11:05pm
Dermatologist/Practitioner Authority Block,The Ayurveda Experience,"Adding an authoritative expert voice will increase the ""Believability"" score of the anti-aging claims.","Authority bias suggests users trust clinical endorsements more than peer reviews for technical skin concerns like ""crepey skin.""",,"Between the ""How it Works"" section and User Reviews.",https://theayurvedaexperience.com/pages/firm-focus-neck-mask-a,50/50,"CVR,RPV","Add a clean block with a professional headshot of an Ayurvedic Practitioner or Dermatologist. Include a quote about why the ""String-to-Silk"" technology is superior for the delicate neck barrier.",N/A,,"United States,Canada,Australia",All Devices,,,,,,,,,,,,,,,,,,,,Jayden Grayston,reclVTVRDrXEZL7mt,reclVTVRDrXEZL7mt,https://forms.fillout.com/t/1ezyZa81cqus?test_idea_id=rec3s57dAuE3CVwMe&brand_name_clean=The%20Ayurveda%20Experience&brand_id=reclVTVRDrXEZL7mt&test_description=Dermatologist%2FPractitioner%20Authority%20Block&hypothesis=Adding%20an%20authoritative%20expert%20voice%20will%20increase%20the%20%22Believability%22%20score%20of%20the%20anti-aging%20claims.&rationale=Authority%20bias%20suggests%20users%20trust%20clinical%20endorsements%20more%20than%20peer%20reviews%20for%20technical%20skin%20concerns%20like%20%22crepey%20skin.%22&placement=Between%20the%20%22How%20it%20Works%22%20section%20and%20User%20Reviews.&variants_weight=50%2F50&category_primary_goals=CVR%2C%20RPV&design_brief=Add%20a%20clean%20block%20with%20a%20professional%20headshot%20of%20an%20Ayurvedic%20Practitioner%20or%20Dermatologist.%20Include%20a%20quote%20about%20why%20the%20%22String-to-Silk%22%20technology%20is%20superior%20for%20the%20delicate%20neck%20barrier.&development_brief=N%2FA&media_links=&geos=United%20States%2C%20Canada%2C%20Australia&devices=All%20Devices&placementURL=https%3A%2F%2Ftheayurvedaexperience.com%2Fpages%2Ffirm-focus-neck-mask-a&walkthroughVideo=&figmaURL=&qaReport=&pta1WKLoom=&PTAFinalLoom=&whatHappened=&nextSteps=&revenueAdded=&goal1=&incrase1=&goal2=&incrase2=&confidence=&segment=&imageType=&controlImage=&variantImage=&ptaImage=&convertID=,https://more-conversions.app.n8n.cloud/webhook/ee486d3e-8a94-451e-9ef3-1ecee39cf1fc?testID=rec3s57dAuE3CVwMe&type=deleteTestIdea,,1/19/2026 11:08pm
"""Is This Right For You?"" Dosha Quiz CTA",The Ayurveda Experience,"Using a quiz to ""match"" the user to the product increases psychological ownership and likelihood to buy.",Micro-commitments (clicking through a quiz) lower the barrier to the final purchase.,,"Mid-page, after the initial product introduction.",https://theayurvedaexperience.com/pages/firm-focus-neck-mask-a,50/50,"CVR,ATC","A prominent, lifestyle-image-backed CTA card. Copy: ""Find Your Ayurvedic Match. Take the 30-Second Skin Quiz."" Buttons lead to a mini-quiz flow. Use shopify apps for reference.",N/A,,"United States,Canada,Australia",All Devices,,,,,,,,,,,,,,,,,,,,Jayden Grayston,reclVTVRDrXEZL7mt,reclVTVRDrXEZL7mt,https://forms.fillout.com/t/1ezyZa81cqus?test_idea_id=recdgniiUYdOKHBjU&brand_name_clean=The%20Ayurveda%20Experience&brand_id=reclVTVRDrXEZL7mt&test_description=%22Is%20This%20Right%20For%20You%3F%22%20Dosha%20Quiz%20CTA&hypothesis=Using%20a%20quiz%20to%20%22match%22%20the%20user%20to%20the%20product%20increases%20psychological%20ownership%20and%20likelihood%20to%20buy.&rationale=Micro-commitments%20%28clicking%20through%20a%20quiz%29%20lower%20the%20barrier%20to%20the%20final%20purchase.&placement=Mid-page%2C%20after%20the%20initial%20product%20introduction.&variants_weight=50%2F50&category_primary_goals=CVR%2C%20ATC&design_brief=A%20prominent%2C%20lifestyle-image-backed%20CTA%20card.%20Copy%3A%20%22Find%20Your%20Ayurvedic%20Match.%20Take%20the%2030-Second%20Skin%20Quiz.%22%20Buttons%20lead%20to%20a%20mini-quiz%20flow.%20Use%20shopify%20apps%20for%20reference.&development_brief=N%2FA&media_links=&geos=United%20States%2C%20Canada%2C%20Australia&devices=All%20Devices&placementURL=https%3A%2F%2Ftheayurvedaexperience.com%2Fpages%2Ffirm-focus-neck-mask-a&walkthroughVideo=&figmaURL=&qaReport=&pta1WKLoom=&PTAFinalLoom=&whatHappened=&nextSteps=&revenueAdded=&goal1=&incrase1=&goal2=&incrase2=&confidence=&segment=&imageType=&controlImage=&variantImage=&ptaImage=&convertID=,https://more-conversions.app.n8n.cloud/webhook/ee486d3e-8a94-451e-9ef3-1ecee39cf1fc?testID=recdgniiUYdOKHBjU&type=deleteTestIdea,,1/19/2026 11:10pm
Hero Video Background (String-to-Silk),The Ayurveda Experience,"Seeing the unique texture in motion will better explain the ""String-to-Silk"" USP and drive higher intent.","Sensory products (gels/masks) sell better when the user can visually ""feel"" the texture.",,Hero section background or side media element.,https://theayurvedaexperience.com/pages/firm-focus-neck-mask-a,50/50,"ATC,CVR","Use a 5-second, high-quality loop of the gel stretching between fingers and then instantly melting into skin. Minimalist, no sound, high-res.",Auto-play video on iOS*,,"United States,Canada,Australia",All Devices,,,,,,,,,,,,,,,,,,,,Jayden Grayston,reclVTVRDrXEZL7mt,reclVTVRDrXEZL7mt,https://forms.fillout.com/t/1ezyZa81cqus?test_idea_id=recFlCdJAC2GlPpAH&brand_name_clean=The%20Ayurveda%20Experience&brand_id=reclVTVRDrXEZL7mt&test_description=Hero%20Video%20Background%20%28String-to-Silk%29&hypothesis=Seeing%20the%20unique%20texture%20in%20motion%20will%20better%20explain%20the%20%22String-to-Silk%22%20USP%20and%20drive%20higher%20intent.&rationale=Sensory%20products%20%28gels%2Fmasks%29%20sell%20better%20when%20the%20user%20can%20visually%20%22feel%22%20the%20texture.&placement=Hero%20section%20background%20or%20side%20media%20element.&variants_weight=50%2F50&category_primary_goals=ATC%2C%20CVR&design_brief=Use%20a%205-second%2C%20high-quality%20loop%20of%20the%20gel%20stretching%20between%20fingers%20and%20then%20instantly%20melting%20into%20skin.%20Minimalist%2C%20no%20sound%2C%20high-res.&development_brief=Auto-play%20video%20on%20iOS%2a&media_links=&geos=United%20States%2C%20Canada%2C%20Australia&devices=All%20Devices&placementURL=https%3A%2F%2Ftheayurvedaexperience.com%2Fpages%2Ffirm-focus-neck-mask-a&walkthroughVideo=&figmaURL=&qaReport=&pta1WKLoom=&PTAFinalLoom=&whatHappened=&nextSteps=&revenueAdded=&goal1=&incrase1=&goal2=&incrase2=&confidence=&segment=&imageType=&controlImage=&variantImage=&ptaImage=&convertID=,https://more-conversions.app.n8n.cloud/webhook/ee486d3e-8a94-451e-9ef3-1ecee39cf1fc?testID=recFlCdJAC2GlPpAH&type=deleteTestIdea,,1/19/2026 11:11pm
Real-Time Purchase Notifications,The Ayurveda Experience,"Showing live activity creates a ""crowded restaurant"" effect, validating the brand for first-time visitors.","Social proof is most effective when it feels current and ""active.""",,Floating at the bottom corner of the screen.,https://theayurvedaexperience.com/pages/firm-focus-neck-mask-a,50/50,"CVR,ATC","Standard notification bubble. Small product image + ""Recently Purchased: Maria in Vancouver just bought the 2-Bottle Bundle!"" 10-second intervals. Use Shopify app for reference.",N/A,,"United States,Canada,Australia",All Devices,,,,,,,,,,,,,,,,,,,,Jayden Grayston,reclVTVRDrXEZL7mt,reclVTVRDrXEZL7mt,https://forms.fillout.com/t/1ezyZa81cqus?test_idea_id=recyB43fqHJGqSFnR&brand_name_clean=The%20Ayurveda%20Experience&brand_id=reclVTVRDrXEZL7mt&test_description=Real-Time%20Purchase%20Notifications&hypothesis=Showing%20live%20activity%20creates%20a%20%22crowded%20restaurant%22%20effect%2C%20validating%20the%20brand%20for%20first-time%20visitors.&rationale=Social%20proof%20is%20most%20effective%20when%20it%20feels%20current%20and%20%22active.%22&placement=Floating%20at%20the%20bottom%20corner%20of%20the%20screen.&variants_weight=50%2F50&category_primary_goals=CVR%2C%20ATC&design_brief=Standard%20notification%20bubble.%20Small%20product%20image%20%2B%20%22Recently%20Purchased%3A%20Maria%20in%20Vancouver%20just%20bought%20the%202-Bottle%20Bundle%21%22%2010-second%20intervals.%20Use%20Shopify%20app%20for%20reference.&development_brief=N%2FA&media_links=&geos=United%20States%2C%20Canada%2C%20Australia&devices=All%20Devices&placementURL=https%3A%2F%2Ftheayurvedaexperience.com%2Fpages%2Ffirm-focus-neck-mask-a&walkthroughVideo=&figmaURL=&qaReport=&pta1WKLoom=&PTAFinalLoom=&whatHappened=&nextSteps=&revenueAdded=&goal1=&incrase1=&goal2=&incrase2=&confidence=&segment=&imageType=&controlImage=&variantImage=&ptaImage=&convertID=,https://more-conversions.app.n8n.cloud/webhook/ee486d3e-8a94-451e-9ef3-1ecee39cf1fc?testID=recyB43fqHJGqSFnR&type=deleteTestIdea,,1/19/2026 11:12pm
"""Ayurveda vs. Science"" Content Toggle",The Ayurveda Experience,"Allowing users to choose their ""lens"" (Tradition or Science) will increase time on page and trust.","Segmenting the pitch helps convert both the ""naturalist"" and the ""skeptic.""",," Ingredients or ""How it Works"" section.",https://theayurvedaexperience.com/pages/firm-focus-neck-mask-a,50/50,CVR,"A ""pill-shaped"" toggle button at the top of the info section. Left: ""The Ayurvedic Story."" Right: ""The Clinical Proof."" Content below changes based on selection.",N/A,,"United States,Canada,Australia",All Devices,,,,,,,,,,,,,,,,,,,,Jayden Grayston,reclVTVRDrXEZL7mt,reclVTVRDrXEZL7mt,https://forms.fillout.com/t/1ezyZa81cqus?test_idea_id=recZjHXrgKEMKd9Lc&brand_name_clean=The%20Ayurveda%20Experience&brand_id=reclVTVRDrXEZL7mt&test_description=%22Ayurveda%20vs.%20Science%22%20Content%20Toggle&hypothesis=Allowing%20users%20to%20choose%20their%20%22lens%22%20%28Tradition%20or%20Science%29%20will%20increase%20time%20on%20page%20and%20trust.&rationale=Segmenting%20the%20pitch%20helps%20convert%20both%20the%20%22naturalist%22%20and%20the%20%22skeptic.%22&placement=%20Ingredients%20or%20%22How%20it%20Works%22%20section.&variants_weight=50%2F50&category_primary_goals=CVR&design_brief=A%20%22pill-shaped%22%20toggle%20button%20at%20the%20top%20of%20the%20info%20section.%20Left%3A%20%22The%20Ayurvedic%20Story.%22%20Right%3A%20%22The%20Clinical%20Proof.%22%20Content%20below%20changes%20based%20on%20selection.&development_brief=N%2FA&media_links=&geos=United%20States%2C%20Canada%2C%20Australia&devices=All%20Devices&placementURL=https%3A%2F%2Ftheayurvedaexperience.com%2Fpages%2Ffirm-focus-neck-mask-a&walkthroughVideo=&figmaURL=&qaReport=&pta1WKLoom=&PTAFinalLoom=&whatHappened=&nextSteps=&revenueAdded=&goal1=&incrase1=&goal2=&incrase2=&confidence=&segment=&imageType=&controlImage=&variantImage=&ptaImage=&convertID=,https://more-conversions.app.n8n.cloud/webhook/ee486d3e-8a94-451e-9ef3-1ecee39cf1fc?testID=recZjHXrgKEMKd9Lc&type=deleteTestIdea,,1/19/2026 11:14pm
H1 Headline: Innovation vs. Direct Benefit,The Ayurveda Experience,"Testing a ""Results-First"" headline will outperform the ""Category-First"" headline.
","Direct benefits usually convert better than ""Innovation"" for cold traffic.",,Main Hero Headline.,https://theayurvedaexperience.com/pages/firm-focus-neck-mask-a,50/50,"CVR,ATC","Variant A: ""The World's First String-to-Silk™ Neck Mask."" Variant B: ""Visibly Lift & Smooth Sagging Neck Skin in 4 Weeks.""",N/A,,"United States,Canada,Australia",All Devices,,,,,,,,,,,,,,,,,,,,Jayden Grayston,reclVTVRDrXEZL7mt,reclVTVRDrXEZL7mt,https://forms.fillout.com/t/1ezyZa81cqus?test_idea_id=recbzg3gGu281St69&brand_name_clean=The%20Ayurveda%20Experience&brand_id=reclVTVRDrXEZL7mt&test_description=H1%20Headline%3A%20Innovation%20vs.%20Direct%20Benefit&hypothesis=Testing%20a%20%22Results-First%22%20headline%20will%20outperform%20the%20%22Category-First%22%20headline.%0A&rationale=Direct%20benefits%20usually%20convert%20better%20than%20%22Innovation%22%20for%20cold%20traffic.&placement=Main%20Hero%20Headline.&variants_weight=50%2F50&category_primary_goals=CVR%2C%20ATC&design_brief=Variant%20A%3A%20%22The%20World%27s%20First%20String-to-Silk%E2%84%A2%20Neck%20Mask.%22%20Variant%20B%3A%20%22Visibly%20Lift%20%26%20Smooth%20Sagging%20Neck%20Skin%20in%204%20Weeks.%22&development_brief=N%2FA&media_links=&geos=United%20States%2C%20Canada%2C%20Australia&devices=All%20Devices&placementURL=https%3A%2F%2Ftheayurvedaexperience.com%2Fpages%2Ffirm-focus-neck-mask-a&walkthroughVideo=&figmaURL=&qaReport=&pta1WKLoom=&PTAFinalLoom=&whatHappened=&nextSteps=&revenueAdded=&goal1=&incrase1=&goal2=&incrase2=&confidence=&segment=&imageType=&controlImage=&variantImage=&ptaImage=&convertID=,https://more-conversions.app.n8n.cloud/webhook/ee486d3e-8a94-451e-9ef3-1ecee39cf1fc?testID=recbzg3gGu281St69&type=deleteTestIdea,,1/19/2026 11:15pm
AOV-Boosting Shipping Progress Bar,The Ayurveda Experience,Replacing static text with a visual progress bar that updates toward the $28 free shipping threshold will increase AOV.,The current cart uses static text indicating free shipping above $28. A dynamic bar gamifies the experience and nudges users to add small items.,,"Top of the Cart page, above product list.",https://theayurvedaexperience.com/cart,50/50,"AOV,CVR,RPV","Horizontal bar at the top of the cart container. Copy: ""You're only $[Amount] away from FREE Shipping!"". Add Copy for all stages (You've unlocked FREE SHIPPING!)",N/A,,"United States,Canada,Australia",All Devices,,,,,,,,,,,,,,,,,,,,Jayden Grayston,reclVTVRDrXEZL7mt,reclVTVRDrXEZL7mt,https://forms.fillout.com/t/1ezyZa81cqus?test_idea_id=recIfXYaIIIrTqmjl&brand_name_clean=The%20Ayurveda%20Experience&brand_id=reclVTVRDrXEZL7mt&test_description=AOV-Boosting%20Shipping%20Progress%20Bar&hypothesis=Replacing%20static%20text%20with%20a%20visual%20progress%20bar%20that%20updates%20toward%20the%20%2428%20free%20shipping%20threshold%20will%20increase%20AOV.&rationale=The%20current%20cart%20uses%20static%20text%20indicating%20free%20shipping%20above%20%2428.%20A%20dynamic%20bar%20gamifies%20the%20experience%20and%20nudges%20users%20to%20add%20small%20items.&placement=Top%20of%20the%20Cart%20page%2C%20above%20product%20list.&variants_weight=50%2F50&category_primary_goals=AOV%2C%20CVR%2C%20RPV&design_brief=Horizontal%20bar%20at%20the%20top%20of%20the%20cart%20container.%20Copy%3A%20%22You%27re%20only%20%24%5BAmount%5D%20away%20from%20FREE%20Shipping%21%22.%20Add%20Copy%20for%20all%20stages%20%28You%27ve%20unlocked%20FREE%20SHIPPING%21%29&development_brief=N%2FA&media_links=&geos=United%20States%2C%20Canada%2C%20Australia&devices=All%20Devices&placementURL=https%3A%2F%2Ftheayurvedaexperience.com%2Fcart&walkthroughVideo=&figmaURL=&qaReport=&pta1WKLoom=&PTAFinalLoom=&whatHappened=&nextSteps=&revenueAdded=&goal1=&incrase1=&goal2=&incrase2=&confidence=&segment=&imageType=&controlImage=&variantImage=&ptaImage=&convertID=,https://more-conversions.app.n8n.cloud/webhook/ee486d3e-8a94-451e-9ef3-1ecee39cf1fc?testID=recIfXYaIIIrTqmjl&type=deleteTestIdea,,1/19/2026 11:17pm
Choice Reduction Cart Upsell,The Ayurveda Experience,"Reducing the carousel from 20+ options to 3 static, high-converting ""Essentials"" will increase conversion by eliminating decision fatigue.","Excessive choice leads to analysis paralysis. Presenting three clear, distinct options makes the choice effortless.",,"Replace the ""You may also like"" auto-carousel at the bottom of the cart.",https://theayurvedaexperience.com/cart,50/50,"ATC,CVR,AOV",Remove the carousel. Display exactly three static product cards side-by-side. Shorten titles for perfect alignment. Use best sellers (With different price points),N/A,,"United States,Canada,Australia",All Devices,,,,,,,,,,,,,,,,,,,,Jayden Grayston,reclVTVRDrXEZL7mt,reclVTVRDrXEZL7mt,https://forms.fillout.com/t/1ezyZa81cqus?test_idea_id=reclmToZU9tKa0WkR&brand_name_clean=The%20Ayurveda%20Experience&brand_id=reclVTVRDrXEZL7mt&test_description=Choice%20Reduction%20Cart%20Upsell&hypothesis=Reducing%20the%20carousel%20from%2020%2B%20options%20to%203%20static%2C%20high-converting%20%22Essentials%22%20will%20increase%20conversion%20by%20eliminating%20decision%20fatigue.&rationale=Excessive%20choice%20leads%20to%20analysis%20paralysis.%20Presenting%20three%20clear%2C%20distinct%20options%20makes%20the%20choice%20effortless.&placement=Replace%20the%20%22You%20may%20also%20like%22%20auto-carousel%20at%20the%20bottom%20of%20the%20cart.&variants_weight=50%2F50&category_primary_goals=ATC%2C%20CVR%2C%20AOV&design_brief=Remove%20the%20carousel.%20Display%20exactly%20three%20static%20product%20cards%20side-by-side.%20Shorten%20titles%20for%20perfect%20alignment.%20Use%20best%20sellers%20%28With%20different%20price%20points%29&development_brief=N%2FA&media_links=&geos=United%20States%2C%20Canada%2C%20Australia&devices=All%20Devices&placementURL=https%3A%2F%2Ftheayurvedaexperience.com%2Fcart&walkthroughVideo=&figmaURL=&qaReport=&pta1WKLoom=&PTAFinalLoom=&whatHappened=&nextSteps=&revenueAdded=&goal1=&incrase1=&goal2=&incrase2=&confidence=&segment=&imageType=&controlImage=&variantImage=&ptaImage=&convertID=,https://more-conversions.app.n8n.cloud/webhook/ee486d3e-8a94-451e-9ef3-1ecee39cf1fc?testID=reclmToZU9tKa0WkR&type=deleteTestIdea,,1/19/2026 11:18pm
Menu Hierarchy: Concern-Led Navigation,The Ayurveda Experience,"Swapping the order of ""Shop by Category"" and ""Shop by Concern"" will increase CTR to product pages.","Users typically shop by a skin problem (e.g., ""Crepey Skin"" or ""Dryness"") rather than a product format. Highlighting ""Concern"" first aligns with user intent.
",,Global Navigation Mega-Menu.,https://theayurvedaexperience.com/,50/50,"CVR,ATC,PPV,CTR","In the ""SHOP"" drop-down, move ""SHOP BY CONCERN"" to the first (left-most) position. Move ""SHOP BY CATEGORY"" to the second position.",N/A,,"United States,Canada,Australia",All Devices,,,,,,,,,,,,,,,,,,,,Jayden Grayston,reclVTVRDrXEZL7mt,reclVTVRDrXEZL7mt,https://forms.fillout.com/t/1ezyZa81cqus?test_idea_id=recEY6lCyDpRpVQc8&brand_name_clean=The%20Ayurveda%20Experience&brand_id=reclVTVRDrXEZL7mt&test_description=Menu%20Hierarchy%3A%20Concern-Led%20Navigation&hypothesis=Swapping%20the%20order%20of%20%22Shop%20by%20Category%22%20and%20%22Shop%20by%20Concern%22%20will%20increase%20CTR%20to%20product%20pages.&rationale=Users%20typically%20shop%20by%20a%20skin%20problem%20%28e.g.%2C%20%22Crepey%20Skin%22%20or%20%22Dryness%22%29%20rather%20than%20a%20product%20format.%20Highlighting%20%22Concern%22%20first%20aligns%20with%20user%20intent.%0A&placement=Global%20Navigation%20Mega-Menu.&variants_weight=50%2F50&category_primary_goals=CVR%2C%20ATC%2C%20PPV%2C%20CTR&design_brief=In%20the%20%22SHOP%22%20drop-down%2C%20move%20%22SHOP%20BY%20CONCERN%22%20to%20the%20first%20%28left-most%29%20position.%20Move%20%22SHOP%20BY%20CATEGORY%22%20to%20the%20second%20position.&development_brief=N%2FA&media_links=&geos=United%20States%2C%20Canada%2C%20Australia&devices=All%20Devices&placementURL=https%3A%2F%2Ftheayurvedaexperience.com%2F&walkthroughVideo=&figmaURL=&qaReport=&pta1WKLoom=&PTAFinalLoom=&whatHappened=&nextSteps=&revenueAdded=&goal1=&incrase1=&goal2=&incrase2=&confidence=&segment=&imageType=&controlImage=&variantImage=&ptaImage=&convertID=,https://more-conversions.app.n8n.cloud/webhook/ee486d3e-8a94-451e-9ef3-1ecee39cf1fc?testID=recEY6lCyDpRpVQc8&type=deleteTestIdea,,1/19/2026 11:19pm
"Cart ""Order Note"" Replacement Upsell",The Ayurveda Experience,"Replacing a low-utility ""Order Notes"" field with a discounted ""Mini"" product nudge will UPT and AOV.",Order notes are rarely used. This high-value real estate is better used for a discounted point-of-purchase impulse buy.,,"Replacing the ""Order Notes"" text box in the cart.",https://theayurvedaexperience.com/cart,50/50,"AOV,APPV","Remove the ""Order Notes"" box. Insert a ""One-Time Offer"" box: ""Add a Mini Best-Seller for 20% OFF?"" (e.g., Mini Blavana or Yauvari) with a one-click ""Add"" button.",N/A,,"United States,Canada,Australia",All Devices,,,,,,,,,,,,,,,,,,,,Jayden Grayston,reclVTVRDrXEZL7mt,reclVTVRDrXEZL7mt,https://forms.fillout.com/t/1ezyZa81cqus?test_idea_id=recgS30KzSPTXSpjk&brand_name_clean=The%20Ayurveda%20Experience&brand_id=reclVTVRDrXEZL7mt&test_description=Cart%20%22Order%20Note%22%20Replacement%20Upsell&hypothesis=Replacing%20a%20low-utility%20%22Order%20Notes%22%20field%20with%20a%20discounted%20%22Mini%22%20product%20nudge%20will%20UPT%20and%20AOV.&rationale=Order%20notes%20are%20rarely%20used.%20This%20high-value%20real%20estate%20is%20better%20used%20for%20a%20discounted%20point-of-purchase%20impulse%20buy.&placement=Replacing%20the%20%22Order%20Notes%22%20text%20box%20in%20the%20cart.&variants_weight=50%2F50&category_primary_goals=AOV%2C%20APPV&design_brief=Remove%20the%20%22Order%20Notes%22%20box.%20Insert%20a%20%22One-Time%20Offer%22%20box%3A%20%22Add%20a%20Mini%20Best-Seller%20for%2020%25%20OFF%3F%22%20%28e.g.%2C%20Mini%20Blavana%20or%20Yauvari%29%20with%20a%20one-click%20%22Add%22%20button.&development_brief=N%2FA&media_links=&geos=United%20States%2C%20Canada%2C%20Australia&devices=All%20Devices&placementURL=https%3A%2F%2Ftheayurvedaexperience.com%2Fcart&walkthroughVideo=&figmaURL=&qaReport=&pta1WKLoom=&PTAFinalLoom=&whatHappened=&nextSteps=&revenueAdded=&goal1=&incrase1=&goal2=&incrase2=&confidence=&segment=&imageType=&controlImage=&variantImage=&ptaImage=&convertID=,https://more-conversions.app.n8n.cloud/webhook/ee486d3e-8a94-451e-9ef3-1ecee39cf1fc?testID=recgS30KzSPTXSpjk&type=deleteTestIdea,,1/19/2026 11:20pm
"Homepage ""Top Sellers by Concern"" Section",The Ayurveda Experience,Organizing bestsellers by skin concern rather than a generic list will increase relevance and click-through.,"Organizing by problem (e.g., ""Top for Aging Skin,"" ""Top for Dryness"") allows users to self-segment and find their match instantly on the homepage.",,Mid-page section on the Homepage.,https://theayurvedaexperience.com/,50/50,"ATC,CVR,RPV","Create a tabbed section titled ""Top Solutions for Your Skin."" Rows: ""For Aging & Fine Lines,"" ""For Dryness & Glow,"" ""For Sagging & Crepey Skin"".",N/A,,"United States,Canada,Australia",All Devices,,,,,,,,,,,,,,,,,,,,Jayden Grayston,reclVTVRDrXEZL7mt,reclVTVRDrXEZL7mt,https://forms.fillout.com/t/1ezyZa81cqus?test_idea_id=reclKbTxhZ8RQkrF8&brand_name_clean=The%20Ayurveda%20Experience&brand_id=reclVTVRDrXEZL7mt&test_description=Homepage%20%22Top%20Sellers%20by%20Concern%22%20Section&hypothesis=Organizing%20bestsellers%20by%20skin%20concern%20rather%20than%20a%20generic%20list%20will%20increase%20relevance%20and%20click-through.&rationale=Organizing%20by%20problem%20%28e.g.%2C%20%22Top%20for%20Aging%20Skin%2C%22%20%22Top%20for%20Dryness%22%29%20allows%20users%20to%20self-segment%20and%20find%20their%20match%20instantly%20on%20the%20homepage.&placement=Mid-page%20section%20on%20the%20Homepage.&variants_weight=50%2F50&category_primary_goals=ATC%2C%20CVR%2C%20RPV&design_brief=Create%20a%20tabbed%20section%20titled%20%22Top%20Solutions%20for%20Your%20Skin.%22%20Rows%3A%20%22For%20Aging%20%26%20Fine%20Lines%2C%22%20%22For%20Dryness%20%26%20Glow%2C%22%20%22For%20Sagging%20%26%20Crepey%20Skin%22.&development_brief=N%2FA&media_links=&geos=United%20States%2C%20Canada%2C%20Australia&devices=All%20Devices&placementURL=https%3A%2F%2Ftheayurvedaexperience.com%2F&walkthroughVideo=&figmaURL=&qaReport=&pta1WKLoom=&PTAFinalLoom=&whatHappened=&nextSteps=&revenueAdded=&goal1=&incrase1=&goal2=&incrase2=&confidence=&segment=&imageType=&controlImage=&variantImage=&ptaImage=&convertID=,https://more-conversions.app.n8n.cloud/webhook/ee486d3e-8a94-451e-9ef3-1ecee39cf1fc?testID=reclKbTxhZ8RQkrF8&type=deleteTestIdea,,1/19/2026 11:21pm
"""Love the Taste or It's Free"" Guarantee",Vita Hustle,"If we add a specific ""Taste-Match"" badge near the ATC, then CVR will increase by addressing the primary barrier to protein purchases: taste anxiety.",Users hesitate to buy large bags of new flavors. A specific taste guarantee removes the psychological risk of being stuck with a chalky product.,,PDP ATC Area,https://vitahustle.com/products/one-superfood-protein-shake-strawberry?flavor=chocolate,50/50,"CVR,ATC,RPV","Small, high-contrast badge placed 10px below or beside the ATC button: ""100% Taste Guarantee: Love it or it's Free.""",N/A,,United States,All Devices,,,,,,,,,,,,,,,,,,,,Jayden Grayston,recj93yOZjLtf0KPE,recj93yOZjLtf0KPE,https://forms.fillout.com/t/1ezyZa81cqus?test_idea_id=rec6G1DjdCiMAzclM&brand_name_clean=Vita%20Hustle&brand_id=recj93yOZjLtf0KPE&test_description=%22Love%20the%20Taste%20or%20It%27s%20Free%22%20Guarantee&hypothesis=If%20we%20add%20a%20specific%20%22Taste-Match%22%20badge%20near%20the%20ATC%2C%20then%20CVR%20will%20increase%20by%20addressing%20the%20primary%20barrier%20to%20protein%20purchases%3A%20taste%20anxiety.&rationale=Users%20hesitate%20to%20buy%20large%20bags%20of%20new%20flavors.%20A%20specific%20taste%20guarantee%20removes%20the%20psychological%20risk%20of%20being%20stuck%20with%20a%20chalky%20product.&placement=PDP%20ATC%20Area&variants_weight=50%2F50&category_primary_goals=CVR%2C%20ATC%2C%20RPV&design_brief=Small%2C%20high-contrast%20badge%20placed%2010px%20below%20or%20beside%20the%20ATC%20button%3A%20%22100%25%20Taste%20Guarantee%3A%20Love%20it%20or%20it%27s%20Free.%22&development_brief=N%2FA&media_links=&geos=United%20States&devices=All%20Devices&placementURL=https%3A%2F%2Fvitahustle.com%2Fproducts%2Fone-superfood-protein-shake-strawberry%3Fflavor%3Dchocolate&walkthroughVideo=&figmaURL=&qaReport=&pta1WKLoom=&PTAFinalLoom=&whatHappened=&nextSteps=&revenueAdded=&goal1=&incrase1=&goal2=&incrase2=&confidence=&segment=&imageType=&controlImage=&variantImage=&ptaImage=&convertID=,https://more-conversions.app.n8n.cloud/webhook/ee486d3e-8a94-451e-9ef3-1ecee39cf1fc?testID=rec6G1DjdCiMAzclM&type=deleteTestIdea,,1/2/2026 1:34pm
Updated Contextual Delivery Date,Vita Hustle,"If we add ""Order in X hours to receive in [State] by [Date],"" then CVR will increase by creating urgency and removing logistics anxiety.",Knowing exactly when a replenishment product will arrive is a massive conversion lever for users running low on supply.,,Under ATC,https://vitahustle.com/products/one-superfood-protein-shake-strawberry?flavor=chocolate,50/50,"CVR,SCVR,RPV","Clean, sans-serif text with a small truck icon. Dynamic date highlighted in bold or brand color. Use Shop Promise for reference.",N/A,https://www.shopify.com/shop-promise,United States,All Devices,,,,,,,,,,,,,,,,,,,,Jayden Grayston,recj93yOZjLtf0KPE,recj93yOZjLtf0KPE,https://forms.fillout.com/t/1ezyZa81cqus?test_idea_id=recuqZybafUTUV3pk&brand_name_clean=Vita%20Hustle&brand_id=recj93yOZjLtf0KPE&test_description=Updated%20Contextual%20Delivery%20Date&hypothesis=If%20we%20add%20%22Order%20in%20X%20hours%20to%20receive%20in%20%5BState%5D%20by%20%5BDate%5D%2C%22%20then%20CVR%20will%20increase%20by%20creating%20urgency%20and%20removing%20logistics%20anxiety.&rationale=Knowing%20exactly%20when%20a%20replenishment%20product%20will%20arrive%20is%20a%20massive%20conversion%20lever%20for%20users%20running%20low%20on%20supply.&placement=Under%20ATC&variants_weight=50%2F50&category_primary_goals=CVR%2C%20SCVR%2C%20RPV&design_brief=Clean%2C%20sans-serif%20text%20with%20a%20small%20truck%20icon.%20Dynamic%20date%20highlighted%20in%20bold%20or%20brand%20color.%20Use%20Shop%20Promise%20for%20reference.&development_brief=N%2FA&media_links=https%3A%2F%2Fwww.shopify.com%2Fshop-promise&geos=United%20States&devices=All%20Devices&placementURL=https%3A%2F%2Fvitahustle.com%2Fproducts%2Fone-superfood-protein-shake-strawberry%3Fflavor%3Dchocolate&walkthroughVideo=&figmaURL=&qaReport=&pta1WKLoom=&PTAFinalLoom=&whatHappened=&nextSteps=&revenueAdded=&goal1=&incrase1=&goal2=&incrase2=&confidence=&segment=&imageType=&controlImage=&variantImage=&ptaImage=&convertID=,https://more-conversions.app.n8n.cloud/webhook/ee486d3e-8a94-451e-9ef3-1ecee39cf1fc?testID=recuqZybafUTUV3pk&type=deleteTestIdea,,1/2/2026 1:34pm
Move OTP Below ATC,Vita Hustle,"If we move the ""One-Time Purchase"" option to a text link below the main Add to Cart button, then Subscription CVR will increase by making subscription the default path.","High-growth brands use this to prioritize recurring revenue. It frames the subscription as the ""standard"" way to buy while keeping the price anchor high.",,Buybox (Toggles),https://vitahustle.com/products/one-superfood-protein-shake-strawberry?flavor=chocolate,50/50,"CVR,AOV,SCVR,RPV","Default the subscription radio button to ""on."" Style the One-Time Purchase as a secondary, underlined text link beneath the primary ATC button.",N/A,,United States,All Devices,,,,,,,,,,,,,,,,,,,,Jayden Grayston,recj93yOZjLtf0KPE,recj93yOZjLtf0KPE,https://forms.fillout.com/t/1ezyZa81cqus?test_idea_id=recS861HqDUAoi9eP&brand_name_clean=Vita%20Hustle&brand_id=recj93yOZjLtf0KPE&test_description=Move%20OTP%20Below%20ATC&hypothesis=If%20we%20move%20the%20%22One-Time%20Purchase%22%20option%20to%20a%20text%20link%20below%20the%20main%20Add%20to%20Cart%20button%2C%20then%20Subscription%20CVR%20will%20increase%20by%20making%20subscription%20the%20default%20path.&rationale=High-growth%20brands%20use%20this%20to%20prioritize%20recurring%20revenue.%20It%20frames%20the%20subscription%20as%20the%20%22standard%22%20way%20to%20buy%20while%20keeping%20the%20price%20anchor%20high.&placement=Buybox%20%28Toggles%29&variants_weight=50%2F50&category_primary_goals=CVR%2C%20AOV%2C%20SCVR%2C%20RPV&design_brief=Default%20the%20subscription%20radio%20button%20to%20%22on.%22%20Style%20the%20One-Time%20Purchase%20as%20a%20secondary%2C%20underlined%20text%20link%20beneath%20the%20primary%20ATC%20button.&development_brief=N%2FA&media_links=&geos=United%20States&devices=All%20Devices&placementURL=https%3A%2F%2Fvitahustle.com%2Fproducts%2Fone-superfood-protein-shake-strawberry%3Fflavor%3Dchocolate&walkthroughVideo=&figmaURL=&qaReport=&pta1WKLoom=&PTAFinalLoom=&whatHappened=&nextSteps=&revenueAdded=&goal1=&incrase1=&goal2=&incrase2=&confidence=&segment=&imageType=&controlImage=&variantImage=&ptaImage=&convertID=,https://more-conversions.app.n8n.cloud/webhook/ee486d3e-8a94-451e-9ef3-1ecee39cf1fc?testID=recS861HqDUAoi9eP&type=deleteTestIdea,,1/2/2026 1:34pm
In-Cart Subscription Switcher,Vita Hustle,"If we add a toggle in the cart drawer to ""Switch to Subscribe & Save,"" then Subscription CVR will increase by capturing users swayed by final price savings.","Seeing the total price in the cart is the ""moment of truth."" A 20% discount here is a powerful final nudge.",,Slide-out Cart Drawer,https://vitahustle.com/,50/50,"CVR,SCVR,RPV"," Add a ""Save$X  instantly"" toggle under the item in the cart drawer. Use a distinct brand green for the savings highlight.",AJAX cart update to swap One-Time item for Subscription variant without page refresh.,,United States,All Devices,,,,,,,,,,,,,,,,,,,,Jayden Grayston,recj93yOZjLtf0KPE,recj93yOZjLtf0KPE,https://forms.fillout.com/t/1ezyZa81cqus?test_idea_id=recS7CsYAvfE5pPFH&brand_name_clean=Vita%20Hustle&brand_id=recj93yOZjLtf0KPE&test_description=In-Cart%20Subscription%20Switcher&hypothesis=If%20we%20add%20a%20toggle%20in%20the%20cart%20drawer%20to%20%22Switch%20to%20Subscribe%20%26%20Save%2C%22%20then%20Subscription%20CVR%20will%20increase%20by%20capturing%20users%20swayed%20by%20final%20price%20savings.&rationale=Seeing%20the%20total%20price%20in%20the%20cart%20is%20the%20%22moment%20of%20truth.%22%20A%2020%25%20discount%20here%20is%20a%20powerful%20final%20nudge.&placement=Slide-out%20Cart%20Drawer&variants_weight=50%2F50&category_primary_goals=CVR%2C%20SCVR%2C%20RPV&design_brief=%20Add%20a%20%22Save%24X%20%20instantly%22%20toggle%20under%20the%20item%20in%20the%20cart%20drawer.%20Use%20a%20distinct%20brand%20green%20for%20the%20savings%20highlight.&development_brief=AJAX%20cart%20update%20to%20swap%20One-Time%20item%20for%20Subscription%20variant%20without%20page%20refresh.&media_links=&geos=United%20States&devices=All%20Devices&placementURL=https%3A%2F%2Fvitahustle.com%2F&walkthroughVideo=&figmaURL=&qaReport=&pta1WKLoom=&PTAFinalLoom=&whatHappened=&nextSteps=&revenueAdded=&goal1=&incrase1=&goal2=&incrase2=&confidence=&segment=&imageType=&controlImage=&variantImage=&ptaImage=&convertID=,https://more-conversions.app.n8n.cloud/webhook/ee486d3e-8a94-451e-9ef3-1ecee39cf1fc?testID=recS7CsYAvfE5pPFH&type=deleteTestIdea,,1/2/2026 1:34pm
"Tiered Quantity Breaks (1, 2, 3 Bags)",Vita Hustle,"If we replace the static quantity selectors with a ""Build a Bundle"" experience and a dynamic gamification bar that unlocks tiered discounts (10% off at 3 bags, 15% off at 4+ bags) in addition to free shipping, then AOV and CVR will increase by incentivizing bulk purchases through a clear value exchange.","The current buybox lacks a clear ""reward"" for adding more bags beyond the $50 shipping threshold. By introducing a progress bar that visualizes ""Free Shipping"" at 2 bags and subsequent tiered discounts, we leverage loss aversion to push users toward higher basket sizes.",,Above ATC Button,https://vitahustle.com/products/one-superfood-protein-shake-strawberry?flavor=chocolate,50/50,"AOV,RPV","* Progress Bar: Place a high-contrast progress bar directly above the flavor grid.  Milestones: Mark clear milestones on the bar:  2 Bags: ""FREE SHIPPING UNLOCKED"".  3 Bags: ""ADD 1 MORE FOR 10% OFF"".  4+ Bags: ""BEST VALUE: 15% OFF"".  Bundle Summary: Add a dynamic text line above the ATC button that reflects the current savings (e.g., ""You're saving $12.00 on this bundle!"").",N/A,,United States,All Devices,,,,,,,,,,,,,,,,,,,,Jayden Grayston,recj93yOZjLtf0KPE,recj93yOZjLtf0KPE,https://forms.fillout.com/t/1ezyZa81cqus?test_idea_id=recgI4MegiPlgqect&brand_name_clean=Vita%20Hustle&brand_id=recj93yOZjLtf0KPE&test_description=Tiered%20Quantity%20Breaks%20%281%2C%202%2C%203%20Bags%29&hypothesis=If%20we%20replace%20the%20static%20quantity%20selectors%20with%20a%20%22Build%20a%20Bundle%22%20experience%20and%20a%20dynamic%20gamification%20bar%20that%20unlocks%20tiered%20discounts%20%2810%25%20off%20at%203%20bags%2C%2015%25%20off%20at%204%2B%20bags%29%20in%20addition%20to%20free%20shipping%2C%20then%20AOV%20and%20CVR%20will%20increase%20by%20incentivizing%20bulk%20purchases%20through%20a%20clear%20value%20exchange.&rationale=The%20current%20buybox%20lacks%20a%20clear%20%22reward%22%20for%20adding%20more%20bags%20beyond%20the%20%2450%20shipping%20threshold.%20By%20introducing%20a%20progress%20bar%20that%20visualizes%20%22Free%20Shipping%22%20at%202%20bags%20and%20subsequent%20tiered%20discounts%2C%20we%20leverage%20loss%20aversion%20to%20push%20users%20toward%20higher%20basket%20sizes.&placement=Above%20ATC%20Button&variants_weight=50%2F50&category_primary_goals=AOV%2C%20RPV&design_brief=%2a%20Progress%20Bar%3A%20Place%20a%20high-contrast%20progress%20bar%20directly%20above%20the%20flavor%20grid.%20%20Milestones%3A%20Mark%20clear%20milestones%20on%20the%20bar%3A%20%202%20Bags%3A%20%22FREE%20SHIPPING%20UNLOCKED%22.%20%203%20Bags%3A%20%22ADD%201%20MORE%20FOR%2010%25%20OFF%22.%20%204%2B%20Bags%3A%20%22BEST%20VALUE%3A%2015%25%20OFF%22.%20%20Bundle%20Summary%3A%20Add%20a%20dynamic%20text%20line%20above%20the%20ATC%20button%20that%20reflects%20the%20current%20savings%20%28e.g.%2C%20%22You%27re%20saving%20%2412.00%20on%20this%20bundle%21%22%29.&development_brief=N%2FA&media_links=&geos=United%20States&devices=All%20Devices&placementURL=https%3A%2F%2Fvitahustle.com%2Fproducts%2Fone-superfood-protein-shake-strawberry%3Fflavor%3Dchocolate&walkthroughVideo=&figmaURL=&qaReport=&pta1WKLoom=&PTAFinalLoom=&whatHappened=&nextSteps=&revenueAdded=&goal1=&incrase1=&goal2=&incrase2=&confidence=&segment=&imageType=&controlImage=&variantImage=&ptaImage=&convertID=,https://more-conversions.app.n8n.cloud/webhook/ee486d3e-8a94-451e-9ef3-1ecee39cf1fc?testID=recgI4MegiPlgqect&type=deleteTestIdea,,1/2/2026 1:16pm
Sitewide Progress Bar: Tiered Reward Incentive,Vita Hustle,"If we implement a new dynamic announcement bar that tracks progress toward Free Shipping and a Free Shaker, then AOV and CVR will increase by creating a persistent secondary goal for the user throughout their entire browsing journey.","Without an announcement bar, users may not realize they are close to a value threshold (like Free Shipping at 2 bags) until they reach the cart or checkout. By introducing a dynamic bar that visualizes progress toward $50 (Free Shipping) and $120 (Free Shaker), we gamify the site experience and incentivize users to add higher quantities to their cart to ""win"" the rewards.",,Site-wide Header / Top of Page,https://vitahustle.com/,50/50,"CVR,AOV,RPV","Inject New Component: Add a thin bar at the very top of the site (above the navigation).  Dynamic Text: Use a string that updates based on cart value: ""Add $[X] for FREE Shipping"" → ""Add $[X] for a FREE Shaker.""  Visual Progress: Include a thin brand-green progress line that fills as the cart value grows.  Reward 1 ($50): ""FREE Shipping Unlocked! 🚚 Add $[X] more for a FREE Shaker!""  Reward 2 ($120): ""CONGRATS! Free Shaker + Shipping Unlocked! 🎉""",N/A,,United States,All Devices,,,,,,,,,,,,,,,,,,,,Jayden Grayston,recj93yOZjLtf0KPE,recj93yOZjLtf0KPE,https://forms.fillout.com/t/1ezyZa81cqus?test_idea_id=recTpxLxMF73zmGIE&brand_name_clean=Vita%20Hustle&brand_id=recj93yOZjLtf0KPE&test_description=Sitewide%20Progress%20Bar%3A%20Tiered%20Reward%20Incentive&hypothesis=If%20we%20implement%20a%20new%20dynamic%20announcement%20bar%20that%20tracks%20progress%20toward%20Free%20Shipping%20and%20a%20Free%20Shaker%2C%20then%20AOV%20and%20CVR%20will%20increase%20by%20creating%20a%20persistent%20secondary%20goal%20for%20the%20user%20throughout%20their%20entire%20browsing%20journey.&rationale=Without%20an%20announcement%20bar%2C%20users%20may%20not%20realize%20they%20are%20close%20to%20a%20value%20threshold%20%28like%20Free%20Shipping%20at%202%20bags%29%20until%20they%20reach%20the%20cart%20or%20checkout.%20By%20introducing%20a%20dynamic%20bar%20that%20visualizes%20progress%20toward%20%2450%20%28Free%20Shipping%29%20and%20%24120%20%28Free%20Shaker%29%2C%20we%20gamify%20the%20site%20experience%20and%20incentivize%20users%20to%20add%20higher%20quantities%20to%20their%20cart%20to%20%22win%22%20the%20rewards.&placement=Site-wide%20Header%20%2F%20Top%20of%20Page&variants_weight=50%2F50&category_primary_goals=CVR%2C%20AOV%2C%20RPV&design_brief=Inject%20New%20Component%3A%20Add%20a%20thin%20bar%20at%20the%20very%20top%20of%20the%20site%20%28above%20the%20navigation%29.%20%20Dynamic%20Text%3A%20Use%20a%20string%20that%20updates%20based%20on%20cart%20value%3A%20%22Add%20%24%5BX%5D%20for%20FREE%20Shipping%22%20%E2%86%92%20%22Add%20%24%5BX%5D%20for%20a%20FREE%20Shaker.%22%20%20Visual%20Progress%3A%20Include%20a%20thin%20brand-green%20progress%20line%20that%20fills%20as%20the%20cart%20value%20grows.%20%20Reward%201%20%28%2450%29%3A%20%22FREE%20Shipping%20Unlocked%21%20%F0%9F%9A%9A%20Add%20%24%5BX%5D%20more%20for%20a%20FREE%20Shaker%21%22%20%20Reward%202%20%28%24120%29%3A%20%22CONGRATS%21%20Free%20Shaker%20%2B%20Shipping%20Unlocked%21%20%F0%9F%8E%89%22&development_brief=N%2FA&media_links=&geos=United%20States&devices=All%20Devices&placementURL=https%3A%2F%2Fvitahustle.com%2F&walkthroughVideo=&figmaURL=&qaReport=&pta1WKLoom=&PTAFinalLoom=&whatHappened=&nextSteps=&revenueAdded=&goal1=&incrase1=&goal2=&incrase2=&confidence=&segment=&imageType=&controlImage=&variantImage=&ptaImage=&convertID=,https://more-conversions.app.n8n.cloud/webhook/ee486d3e-8a94-451e-9ef3-1ecee39cf1fc?testID=recTpxLxMF73zmGIE&type=deleteTestIdea,,1/2/2026 1:34pm
Price Per Serving & Total Savings Visualization,Vita Hustle,"If we emphasize the ""$2.66/serving"" cost and show ""You Save $10.00"" in high-contrast green, then SCVR will increase by making the value undeniable.","Breaking down large lump sums into a ""Daily Ritual"" cost triggers rational value logic, making the purchase feel like a smaller daily investment.",,Purchase Options / Buybox,https://vitahustle.com/products/one-superfood-protein-shake-strawberry?flavor=chocolate,50/50,"CVR,RPV","Use bolded green text for ""$2.66 / SERVING"" and ""SAVE 20% TODAY"" next to the subscription radio button. Ensure the font size is larger than the standard price.",N/A,,United States,All Devices,,,,,,,,,,,,,,,,,,,,Jayden Grayston,recj93yOZjLtf0KPE,recj93yOZjLtf0KPE,https://forms.fillout.com/t/1ezyZa81cqus?test_idea_id=rec8TewMxenHGDpJu&brand_name_clean=Vita%20Hustle&brand_id=recj93yOZjLtf0KPE&test_description=Price%20Per%20Serving%20%26%20Total%20Savings%20Visualization&hypothesis=If%20we%20emphasize%20the%20%22%242.66%2Fserving%22%20cost%20and%20show%20%22You%20Save%20%2410.00%22%20in%20high-contrast%20green%2C%20then%20SCVR%20will%20increase%20by%20making%20the%20value%20undeniable.&rationale=Breaking%20down%20large%20lump%20sums%20into%20a%20%22Daily%20Ritual%22%20cost%20triggers%20rational%20value%20logic%2C%20making%20the%20purchase%20feel%20like%20a%20smaller%20daily%20investment.&placement=Purchase%20Options%20%2F%20Buybox&variants_weight=50%2F50&category_primary_goals=CVR%2C%20RPV&design_brief=Use%20bolded%20green%20text%20for%20%22%242.66%20%2F%20SERVING%22%20and%20%22SAVE%2020%25%20TODAY%22%20next%20to%20the%20subscription%20radio%20button.%20Ensure%20the%20font%20size%20is%20larger%20than%20the%20standard%20price.&development_brief=N%2FA&media_links=&geos=United%20States&devices=All%20Devices&placementURL=https%3A%2F%2Fvitahustle.com%2Fproducts%2Fone-superfood-protein-shake-strawberry%3Fflavor%3Dchocolate&walkthroughVideo=&figmaURL=&qaReport=&pta1WKLoom=&PTAFinalLoom=&whatHappened=&nextSteps=&revenueAdded=&goal1=&incrase1=&goal2=&incrase2=&confidence=&segment=&imageType=&controlImage=&variantImage=&ptaImage=&convertID=,https://more-conversions.app.n8n.cloud/webhook/ee486d3e-8a94-451e-9ef3-1ecee39cf1fc?testID=rec8TewMxenHGDpJu&type=deleteTestIdea,,1/2/2026 1:34pm
Cart Drawer Cross-Sell & Impulse Add-ons,Vita Hustle,"If we add a ""Frequently Bought Together"" section in the cart drawer with low-friction items, then AOV will increase via impulse purchases.","Once a user commits to a $50 bag, adding a $10 shaker or smaller accessory feels like a minor marginal cost that doesn't require heavy research.",,Cart Drawer / Slide-out Cart,https://vitahustle.com/cart,50/50,"AOV,ATC,RPV","""Add X more and get X (Free Shipping)"" header at the bottom of the drawer. 2–3 horizontal product cards with ""Quick Add"" (+) buttons for easy interaction. If above 2 products already, show ""Complete your Routine""",N/A,,United States,All Devices,,,,,,,,,,,,,,,,,,,,Jayden Grayston,recj93yOZjLtf0KPE,recj93yOZjLtf0KPE,https://forms.fillout.com/t/1ezyZa81cqus?test_idea_id=recJTqNIF5uxaJ1Bt&brand_name_clean=Vita%20Hustle&brand_id=recj93yOZjLtf0KPE&test_description=Cart%20Drawer%20Cross-Sell%20%26%20Impulse%20Add-ons&hypothesis=If%20we%20add%20a%20%22Frequently%20Bought%20Together%22%20section%20in%20the%20cart%20drawer%20with%20low-friction%20items%2C%20then%20AOV%20will%20increase%20via%20impulse%20purchases.&rationale=Once%20a%20user%20commits%20to%20a%20%2450%20bag%2C%20adding%20a%20%2410%20shaker%20or%20smaller%20accessory%20feels%20like%20a%20minor%20marginal%20cost%20that%20doesn%27t%20require%20heavy%20research.&placement=Cart%20Drawer%20%2F%20Slide-out%20Cart&variants_weight=50%2F50&category_primary_goals=AOV%2C%20ATC%2C%20RPV&design_brief=%22Add%20X%20more%20and%20get%20X%20%28Free%20Shipping%29%22%20header%20at%20the%20bottom%20of%20the%20drawer.%202%E2%80%933%20horizontal%20product%20cards%20with%20%22Quick%20Add%22%20%28%2B%29%20buttons%20for%20easy%20interaction.%20If%20above%202%20products%20already%2C%20show%20%22Complete%20your%20Routine%22&development_brief=N%2FA&media_links=&geos=United%20States&devices=All%20Devices&placementURL=https%3A%2F%2Fvitahustle.com%2Fcart&walkthroughVideo=&figmaURL=&qaReport=&pta1WKLoom=&PTAFinalLoom=&whatHappened=&nextSteps=&revenueAdded=&goal1=&incrase1=&goal2=&incrase2=&confidence=&segment=&imageType=&controlImage=&variantImage=&ptaImage=&convertID=,https://more-conversions.app.n8n.cloud/webhook/ee486d3e-8a94-451e-9ef3-1ecee39cf1fc?testID=recJTqNIF5uxaJ1Bt&type=deleteTestIdea,,1/2/2026 1:34pm
PDP Taste-Validation Video Carousel,Vita Hustle,"If we implement a video testimonial carousel specifically showcasing people drinking the shake, then CVR will increase by removing ""Taste Anxiety"" at the point of purchase.","Users at the bottom of the funnel are often hesitant about texture and flavor. Seeing authentic video reviews of customers enjoying the taste provides the final nudge needed to ""Add to Cart.""",,Below the Buybox,https://vitahustle.com/products/one-superfood-protein-shake-strawberry,50/50,"CVR,ATC,RPV",Horizontal scroller of 9:16 vertical videos under buybox/ATC.,N/A,,United States,All Devices,,,,,,,,,,,,,,,,,,,,Jayden Grayston,recj93yOZjLtf0KPE,recj93yOZjLtf0KPE,https://forms.fillout.com/t/1ezyZa81cqus?test_idea_id=recU1vkVUvkjoM3C9&brand_name_clean=Vita%20Hustle&brand_id=recj93yOZjLtf0KPE&test_description=PDP%20Taste-Validation%20Video%20Carousel&hypothesis=If%20we%20implement%20a%20video%20testimonial%20carousel%20specifically%20showcasing%20people%20drinking%20the%20shake%2C%20then%20CVR%20will%20increase%20by%20removing%20%22Taste%20Anxiety%22%20at%20the%20point%20of%20purchase.&rationale=Users%20at%20the%20bottom%20of%20the%20funnel%20are%20often%20hesitant%20about%20texture%20and%20flavor.%20Seeing%20authentic%20video%20reviews%20of%20customers%20enjoying%20the%20taste%20provides%20the%20final%20nudge%20needed%20to%20%22Add%20to%20Cart.%22&placement=Below%20the%20Buybox&variants_weight=50%2F50&category_primary_goals=CVR%2C%20ATC%2C%20RPV&design_brief=Horizontal%20scroller%20of%209%3A16%20vertical%20videos%20under%20buybox%2FATC.&development_brief=N%2FA&media_links=&geos=United%20States&devices=All%20Devices&placementURL=https%3A%2F%2Fvitahustle.com%2Fproducts%2Fone-superfood-protein-shake-strawberry&walkthroughVideo=&figmaURL=&qaReport=&pta1WKLoom=&PTAFinalLoom=&whatHappened=&nextSteps=&revenueAdded=&goal1=&incrase1=&goal2=&incrase2=&confidence=&segment=&imageType=&controlImage=&variantImage=&ptaImage=&convertID=,https://more-conversions.app.n8n.cloud/webhook/ee486d3e-8a94-451e-9ef3-1ecee39cf1fc?testID=recU1vkVUvkjoM3C9&type=deleteTestIdea,,1/2/2026 1:34pm