Entry,Client,Brand Name (from Client),Date,Amount USD,Fees USD,Final Amount USD,Conversion Rate (USD>CAD),Amount CAD,Final Amount CAD,Fees CAD,Category,Category (from Category),Month & Year,Profit & Loss,Month and Year,Notes,Monthly Recurring Revenue,Upsell Revenue,Is Top 10 (from Client)
"Klone Scents – Dec 3, 2025",Klone Scents,Klone Scents,12/3/2025,$6000.00,$222.30,$5777.70,,,$0.00,,CRO Retainer,CRO Retainer,December 2025,December 2025,December 2025,,Yes,,0 checked out of 1
"Goose Creek Candles – Dec 1, 2025",Goose Creek Candles,Goose Creek Candles,12/1/2025,$2500.00,$92.71,$2407.29,,,$0.00,,Development Retainer,Development Retainer,December 2025,December 2025,December 2025,,Yes,,1 checked out of 1
"Plufl – Nov 28, 2025",Plufl,Plufl,11/28/2025,$1000.00,$37.30,$962.70,$1.40,$1395.20,$1343.16,$52.04,Development Retainer,Development Retainer,November 2025,November 2025,November 2025,,Yes,,0 checked out of 1
"Club Early Bird – Nov 27, 2025",Club Early Bird,Club Early Bird,11/27/2025,$5000.00,$185.21,$4814.79,$1.40,$6976.00,$6717.60,$258.40,CRO Retainer,CRO Retainer,November 2025,November 2025,November 2025,,Yes,,0 checked out of 1
"The Ayurveda Experience – Nov 27, 2025",The Ayurveda Experience,The Ayurveda Experience,11/27/2025,$7500.00,$277.80,$7222.20,$1.40,$10464.00,$10076.41,$387.59,CRO Retainer,CRO Retainer,November 2025,November 2025,November 2025,,Yes,,0 checked out of 1
"Nook Woodworking – Nov 25, 2025",Nook Woodworking,Nook Woodworking,11/25/2025,$1000.00,$37.30,$962.70,$1.40,$1395.20,$1343.16,$52.04,Development Retainer,Development Retainer,November 2025,November 2025,November 2025,,Yes,,0 checked out of 1
"Cosara – Nov 25, 2025",Cosara,Cosara,11/25/2025,$6000.00,$222.30,$5777.70,$1.40,$8371.20,$8061.05,$310.15,CRO Retainer,CRO Retainer,November 2025,November 2025,November 2025,,Yes,,0 checked out of 1
"Vita Hustle – Nov 21, 2025",Vita Hustle,Vita Hustle,11/21/2025,$6000.00,$0.00,$6000.00,$1.36,$8184.00,$8184.00,$0.00,CRO Retainer,CRO Retainer,November 2025,November 2025,November 2025,,Yes,,0 checked out of 1
"Blox Boom – Nov 21, 2025",Blox Boom,Blox Boom,11/21/2025,$500.00,$0.00,$500.00,$1.40,$701.37,$701.37,$0.00,Affiliate Software,Affiliate Software,November 2025,November 2025,November 2025,,No,,1 checked out of 1
"Live Love Locks LLC – Nov 17, 2025",Live Love Locks LLC,Live Love Locks LLC,11/17/2025,$6000.00,$222.21,$5777.79,$1.40,$8371.20,$8061.17,$310.03,CRO Retainer,CRO Retainer,November 2025,November 2025,November 2025,,Yes,,0 checked out of 1
"Klone Scents – Nov 11, 2025",Klone Scents,Klone Scents,11/11/2025,$6000.00,$222.30,$5777.70,$1.40,$8371.20,$8061.05,$310.15,CRO Retainer,CRO Retainer,November 2025,November 2025,November 2025,,Yes,,0 checked out of 1
"Primal Queen – Nov 11, 2025",Primal Queen,Primal Queen,11/11/2025,$12500.00,$462.80,$12037.20,$1.40,$17440.00,$16794.30,$645.70,CRO Retainer,CRO Retainer,November 2025,November 2025,November 2025,,Yes,,1 checked out of 1
"Goose Creek Candles – Nov 5, 2025",Goose Creek Candles,Goose Creek Candles,11/5/2025,$2500.00,$92.71,$2407.29,$1.40,$3488.00,$3358.65,$129.35,Development Retainer,Development Retainer,November 2025,November 2025,November 2025,,Yes,,1 checked out of 1
"Perfect White Tee – Oct 31, 2025",Perfect White Tee,Perfect White Tee,10/31/2025,$2000.00,$74.21,$1925.79,$1.41,$2821.80,$2717.10,$104.70,Shopify Site Speed Development,Shopify Site Speed Development,October 2025,October 2025,October 2025,,No,,1 checked out of 1
"Plufl – Oct 31, 2025",Plufl,Plufl,10/31/2025,$1000.00,$37.30,$962.70,$1.41,$1410.90,$1358.27,$52.63,Development Retainer,Development Retainer,October 2025,October 2025,October 2025,,Yes,,0 checked out of 1
"Goose Creek Candles – Oct 31, 2025",Goose Creek Candles,Goose Creek Candles,10/31/2025,$1600.00,$59.41,$1540.59,$1.41,$2257.44,$2173.62,$83.82,Development Retainer,Development Retainer,October 2025,October 2025,October 2025,,Yes,,1 checked out of 1
"Sereneherbs  – Oct 27, 2025",Sereneherbs ,Sereneherbs ,10/27/2025,$10000.00,$370.30,$9629.70,$1.41,$14109.00,$13586.54,$522.46,CRO Retainer,CRO Retainer,October 2025,October 2025,October 2025,,Yes,,0 checked out of 1
"Club Early Bird – Oct 27, 2025",Club Early Bird,Club Early Bird,10/27/2025,$5000.00,$185.21,$4814.79,$1.41,$7054.50,$6793.19,$261.31,CRO Retainer,CRO Retainer,October 2025,October 2025,October 2025,,Yes,,0 checked out of 1
"The Ayurveda Experience – Oct 27, 2025",The Ayurveda Experience,The Ayurveda Experience,10/27/2025,$7500.00,$277.80,$7222.20,$1.41,$10581.75,$10189.80,$391.95,CRO Retainer,CRO Retainer,October 2025,October 2025,October 2025,,Yes,,0 checked out of 1
"Nook Woodworking – Oct 23, 2025",Nook Woodworking,Nook Woodworking,10/23/2025,$1000.00,$37.30,$962.70,$1.41,$1410.90,$1358.27,$52.63,Development Retainer,Development Retainer,October 2025,October 2025,October 2025,,Yes,,0 checked out of 1
"Cosara – Oct 23, 2025",Cosara,Cosara,10/23/2025,$6000.00,$222.30,$5777.70,$1.41,$8465.40,$8151.76,$313.64,CRO Retainer,CRO Retainer,October 2025,October 2025,October 2025,,Yes,,0 checked out of 1
"Blox Boom – Oct 23, 2025",Blox Boom,Blox Boom,10/23/2025,$500.00,$0.00,$500.00,$1.39,$695.54,$695.54,$0.00,Affiliate Software,Affiliate Software,October 2025,October 2025,October 2025,,No,,1 checked out of 1
"Vita Hustle – Oct 22, 2025",Vita Hustle,Vita Hustle,10/22/2025,$6000.00,$0.00,$6000.00,$1.37,$8190.00,$8190.00,$0.00,CRO Retainer,CRO Retainer,October 2025,October 2025,October 2025,,Yes,,0 checked out of 1
"Live Love Locks LLC – Oct 21, 2025",Live Love Locks LLC,Live Love Locks LLC,10/21/2025,$6000.00,$222.21,$5777.79,$1.41,$8465.40,$8151.88,$313.52,CRO Retainer,CRO Retainer,October 2025,October 2025,October 2025,,Yes,,0 checked out of 1
"Primal Queen – Oct 14, 2025",Primal Queen,Primal Queen,10/14/2025,$7500.00,$277.80,$7222.20,$1.41,$10581.75,$10189.80,$391.95,CRO Retainer,CRO Retainer,October 2025,October 2025,October 2025,,Yes,,1 checked out of 1
"Klone Scents – Oct 8, 2025",Klone Scents,Klone Scents,10/8/2025,$6000.00,$222.30,$5777.70,$1.41,$8465.40,$8151.76,$313.64,CRO Retainer,CRO Retainer,October 2025,October 2025,October 2025,,Yes,,0 checked out of 1
"Plufl – Oct 3, 2025",Plufl,Plufl,10/3/2025,$1000.00,$37.30,$962.70,$1.41,$1410.90,$1358.27,$52.63,Development Retainer,Development Retainer,October 2025,October 2025,October 2025,,Yes,,0 checked out of 1
"LoopLasso – Oct 1, 2025",LoopLasso,LoopLasso,10/1/2025,$6000.00,$222.22,$5777.78,$1.41,$8465.40,$8151.87,$313.53,CRO Retainer,CRO Retainer,October 2025,October 2025,October 2025,,Yes,,0 checked out of 1
"Goose Creek Candles – Oct 1, 2025",Goose Creek Candles,Goose Creek Candles,10/1/2025,$2500.00,$92.72,$2407.28,$1.41,$3527.25,$3396.43,$130.82,Development Retainer,Development Retainer,October 2025,October 2025,October 2025,,Yes,,1 checked out of 1
"28Pilates – Sep 30, 2025",28Pilates,28Pilates,9/30/2025,$6000.00,$222.22,$5777.78,$1.40,$8370.60,$8060.58,$310.02,CRO Retainer,CRO Retainer,September 2025,September 2025,September 2025,,Yes,,0 checked out of 1
"Club Early Bird – Sep 27, 2025",Club Early Bird,Club Early Bird,9/27/2025,$5000.00,$185.22,$4814.78,$1.40,$6975.50,$6717.10,$258.40,CRO Retainer,CRO Retainer,September 2025,September 2025,September 2025,,Yes,,0 checked out of 1
"The Ayurveda Experience – Sep 25, 2025",The Ayurveda Experience,The Ayurveda Experience,9/25/2025,$7500.00,$277.80,$7222.20,$1.40,$10463.25,$10075.69,$387.56,CRO Retainer,CRO Retainer,September 2025,September 2025,September 2025,,Yes,,0 checked out of 1
"Cosara – Sep 25, 2025",Cosara,Cosara,9/25/2025,$6000.00,$222.30,$5777.70,$1.40,$8370.60,$8060.47,$310.13,CRO Retainer,CRO Retainer,September 2025,September 2025,September 2025,,Yes,,0 checked out of 1
"Blox Boom – Sep 25, 2025",Blox Boom,Blox Boom,9/25/2025,$500.00,$0.00,$500.00,$1.37,$687.20,$687.20,$0.00,Affiliate Software,Affiliate Software,September 2025,September 2025,September 2025,,No,,1 checked out of 1
"Nook Woodworking – Sep 22, 2025",Nook Woodworking,Nook Woodworking,9/22/2025,$2000.00,$74.30,$1925.70,$1.40,$2790.20,$2686.54,$103.66,Development Retainer,Development Retainer,September 2025,September 2025,September 2025,,Yes,,0 checked out of 1
"Primal Queen – Sep 16, 2025",Primal Queen,Primal Queen,9/16/2025,$9689.00,$358.79,$9330.21,$1.40,$13517.12,$13016.58,$500.55,CRO Retainer,CRO Retainer,September 2025,September 2025,September 2025,,Yes,,1 checked out of 1
"Klone Scents – Sep 10, 2025",Klone Scents,Klone Scents,9/10/2025,$6000.00,$222.30,$5777.70,$1.40,$8370.60,$8060.47,$310.13,CRO Retainer,CRO Retainer,September 2025,September 2025,September 2025,,Yes,,0 checked out of 1
"Plufl – Sep 5, 2025",Plufl,Plufl,9/5/2025,$1000.00,$37.30,$962.70,$1.40,$1395.10,$1343.06,$52.04,CRO Retainer,CRO Retainer,September 2025,September 2025,September 2025,,Yes,,0 checked out of 1
"28Pilates – Sep 3, 2025",28Pilates,28Pilates,9/3/2025,$6000.00,$222.22,$5777.78,$1.40,$8370.60,$8060.58,$310.02,CRO Retainer,CRO Retainer,September 2025,September 2025,September 2025,,Yes,,0 checked out of 1
"Manssion – Sep 2, 2025",Manssion,Manssion,9/2/2025,$5500.00,$203.80,$5296.20,$1.40,$7673.05,$7388.73,$284.32,Shopify Design & Development,Shopify Design & Development,September 2025,September 2025,September 2025,,No,,0 checked out of 1
"LoopLasso – Sep 1, 2025",LoopLasso,LoopLasso,9/1/2025,$6000.00,$222.22,$5777.78,$1.40,$8370.60,$8060.58,$310.02,CRO Retainer,CRO Retainer,September 2025,September 2025,September 2025,,Yes,,0 checked out of 1
"Goose Creek Candles – Sep 1, 2025",Goose Creek Candles,Goose Creek Candles,9/1/2025,$2500.00,$92.72,$2407.28,$1.40,$3487.75,$3358.40,$129.35,Development Retainer,Development Retainer,September 2025,September 2025,September 2025,,Yes,,1 checked out of 1
"Cosara – Aug 28, 2025",Cosara,Cosara,8/28/2025,$6000.00,$222.30,$5777.70,$1.38,$8284.20,$7977.27,$306.93,CRO Retainer,CRO Retainer,August 2025,August 2025,August 2025,,Yes,,0 checked out of 1
"Club Early Bird – Aug 27, 2025",Club Early Bird,Club Early Bird,8/27/2025,$5000.00,$185.22,$4814.78,$1.38,$6903.50,$6647.77,$255.73,CRO Retainer,CRO Retainer,August 2025,August 2025,August 2025,,Yes,,0 checked out of 1
"Blox Boom – Aug 22, 2025",Blox Boom,Blox Boom,8/22/2025,$500.00,$0.00,$500.00,$1.38,$687.86,$687.86,$0.00,Affiliate Software,Affiliate Software,August 2025,August 2025,August 2025,,No,,1 checked out of 1
"Primal Queen – Aug 19, 2025",Primal Queen,Primal Queen,8/19/2025,$7500.00,$277.80,$7222.20,$1.38,$10355.25,$9971.69,$383.56,CRO Retainer,CRO Retainer,August 2025,August 2025,August 2025,,Yes,,1 checked out of 1
"Nook Woodworking – Aug 17, 2025",Nook Woodworking,Nook Woodworking,8/17/2025,$2000.00,$74.30,$1925.70,$1.38,$2761.40,$2658.81,$102.59,Development Retainer,Development Retainer,August 2025,August 2025,August 2025,,Yes,,0 checked out of 1
"Plufl – Aug 8, 2025",Plufl,Plufl,8/8/2025,$1000.00,$37.30,$962.70,$1.38,$1380.70,$1329.20,$51.50,Development Retainer,Development Retainer,August 2025,August 2025,August 2025,,Yes,,0 checked out of 1
"Goose Creek Candles – Aug 1, 2025",Goose Creek Candles,Goose Creek Candles,8/1/2025,$2500.00,$92.72,$2407.28,$1.38,$3451.75,$3323.73,$128.02,Development Retainer,Development Retainer,August 2025,August 2025,August 2025,,Yes,,1 checked out of 1
"Club Early Bird – Jul 27, 2025",Club Early Bird,Club Early Bird,7/27/2025,$5000.00,$185.22,$4814.78,$1.38,$6888.50,$6633.32,$255.18,CRO Retainer,CRO Retainer,July 2025,July 2025,July 2025,,Yes,,0 checked out of 1
"Primal Queen – Jul 22, 2025",Primal Queen,Primal Queen,7/22/2025,$8500.00,$314.80,$8185.20,$1.38,$11710.45,$11276.75,$433.70,CRO Retainer,CRO Retainer,July 2025,July 2025,July 2025,,Yes,,1 checked out of 1
"Blox Boom – Jul 22, 2025",Blox Boom,Blox Boom,7/22/2025,$500.00,$0.00,$500.00,$1.35,$677.32,$677.32,$0.00,Affiliate Software,Affiliate Software,July 2025,July 2025,July 2025,,No,,1 checked out of 1
"Nook Woodworking – Jul 20, 2025",Nook Woodworking,Nook Woodworking,7/20/2025,$2000.00,$74.30,$1925.70,$1.38,$2755.40,$2653.04,$102.36,Development Retainer,Development Retainer,July 2025,July 2025,July 2025,,Yes,,0 checked out of 1
"The Ayurveda Experience – Jul 14, 2025",The Ayurveda Experience,The Ayurveda Experience,7/14/2025,$2500.00,$92.80,$2407.20,$1.38,$3444.25,$3316.40,$127.85,Shopify Site Speed Development,Shopify Site Speed Development,July 2025,July 2025,July 2025,,No,,0 checked out of 1
"Plufl – Jul 11, 2025",Plufl,Plufl,7/11/2025,$1000.00,$37.30,$962.70,$1.38,$1377.70,$1326.31,$51.39,Development Retainer,Development Retainer,July 2025,July 2025,July 2025,,Yes,,0 checked out of 1
"Goose Creek Candles – Jul 1, 2025",Goose Creek Candles,Goose Creek Candles,7/1/2025,$2500.00,$92.72,$2407.28,$1.38,$3444.25,$3316.51,$127.74,Development Retainer,Development Retainer,July 2025,July 2025,July 2025,,Yes,,1 checked out of 1
"Club Early Bird – Jun 27, 2025",Club Early Bird,Club Early Bird,6/27/2025,$5000.00,$185.22,$4814.78,$1.37,$6831.00,$6577.95,$253.05,CRO Retainer,CRO Retainer,June 2025,June 2025,June 2025,,Yes,,0 checked out of 1
"Nook Woodworking – Jun 27, 2025",Nook Woodworking,Nook Woodworking,6/27/2025,$2500.00,$92.80,$2407.20,$1.37,$3415.50,$3288.72,$126.78,Shopify Site Speed Development,Shopify Site Speed Development,June 2025,June 2025,June 2025,,No,,0 checked out of 1
"Alphatech Apparel – Jun 26, 2025",Alphatech Apparel,Alphatech Apparel,6/26/2025,$4000.00,$148.30,$3851.70,$1.37,$5464.80,$5262.19,$202.61,Shopify Design & Development,Shopify Design & Development,June 2025,June 2025,June 2025,,No,,0 checked out of 1
"The Ayurveda Experience – Jun 26, 2025",The Ayurveda Experience,The Ayurveda Experience,6/26/2025,$7500.00,$277.80,$7222.20,$1.37,$10246.50,$9866.97,$379.53,CRO Retainer,CRO Retainer,June 2025,June 2025,June 2025,,Yes,,0 checked out of 1
"Primal Queen – Jun 24, 2025",Primal Queen,Primal Queen,6/24/2025,$10000.00,$370.30,$9629.70,$1.37,$13662.00,$13156.10,$505.90,CRO Retainer,CRO Retainer,June 2025,June 2025,June 2025,,Yes,,1 checked out of 1
"Nook Woodworking – Jun 22, 2025",Nook Woodworking,Nook Woodworking,6/22/2025,$1000.00,$37.30,$962.70,$1.37,$1366.20,$1315.24,$50.96,Development Retainer,Development Retainer,June 2025,June 2025,June 2025,,Yes,,0 checked out of 1
"Blox Boom – Jun 20, 2025",Blox Boom,Blox Boom,6/20/2025,$500.00,$0.00,$500.00,$1.37,$682.55,$682.55,$0.00,Affiliate Software,Affiliate Software,June 2025,June 2025,June 2025,,No,,1 checked out of 1
"Plufl – Jun 13, 2025",Plufl,Plufl,6/13/2025,$1000.00,$37.30,$962.70,$1.37,$1366.20,$1315.24,$50.96,Development Retainer,Development Retainer,June 2025,June 2025,June 2025,,Yes,,0 checked out of 1
"Shop Noble – Jun 12, 2025",Shop Noble,Shop Noble,6/12/2025,$5400.00,$200.10,$5199.90,$1.37,$7377.48,$7104.10,$273.38,CRO Course,CRO Course,June 2025,June 2025,June 2025,,No,,0 checked out of 1
"Goose Creek Candles – Jun 2, 2025",Goose Creek Candles,Goose Creek Candles,6/2/2025,$2500.00,$92.72,$2407.28,$1.37,$3415.50,$3288.83,$126.67,Development Retainer,Development Retainer,June 2025,June 2025,June 2025,,Yes,,1 checked out of 1
"Club Early Bird – May 27, 2025",Club Early Bird,Club Early Bird,5/27/2025,$5000.00,$185.22,$4814.78,$1.37,$6858.00,$6603.95,$254.05,CRO Retainer,CRO Retainer,May 2025,May 2025,May 2025,,Yes,,0 checked out of 1
"Primal Queen – May 27, 2025",Primal Queen,Primal Queen,5/27/2025,$7500.00,$277.80,$7222.20,$1.37,$10287.00,$9905.97,$381.03,CRO Retainer,CRO Retainer,May 2025,May 2025,May 2025,,Yes,,1 checked out of 1
"Nook Woodworking – May 25, 2025",Nook Woodworking,Nook Woodworking,5/25/2025,$1000.00,$37.30,$962.70,$1.37,$1371.60,$1320.44,$51.16,Development Retainer,Development Retainer,May 2025,May 2025,May 2025,,Yes,,0 checked out of 1
"Blox Boom – May 22, 2025",Blox Boom,Blox Boom,5/22/2025,$500.00,$0.00,$500.00,$1.38,$689.70,$689.70,$0.00,Affiliate Software,Affiliate Software,May 2025,May 2025,May 2025,,No,,1 checked out of 1
"Plufl – May 15, 2025",Plufl,Plufl,5/15/2025,$1000.00,$37.30,$962.70,$1.37,$1371.60,$1320.44,$51.16,Development Retainer,Development Retainer,May 2025,May 2025,May 2025,,Yes,,0 checked out of 1
"Goose Creek Candles – May 1, 2025",Goose Creek Candles,Goose Creek Candles,5/1/2025,$2500.00,$92.80,$2407.20,$1.37,$3429.00,$3301.72,$127.28,Development Retainer,Development Retainer,May 2025,May 2025,May 2025,,Yes,,1 checked out of 1
"Club Early Bird – Apr 30, 2025",Club Early Bird,Club Early Bird,4/30/2025,$5000.00,$185.22,$4814.78,$1.40,$6986.00,$6727.21,$258.79,CRO Retainer,CRO Retainer,April 2025,April 2025,April 2025,,Yes,,0 checked out of 1
"Primal Queen – Apr 29, 2025",Primal Queen,Primal Queen,4/29/2025,$5000.00,$185.30,$4814.70,$1.40,$6986.00,$6727.10,$258.90,CRO Retainer,CRO Retainer,April 2025,April 2025,April 2025,,Yes,,1 checked out of 1
"Nook Woodworking – Apr 27, 2025",Nook Woodworking,Nook Woodworking,4/27/2025,$1000.00,$37.30,$962.70,$1.40,$1397.20,$1345.08,$52.12,Development Retainer,Development Retainer,April 2025,April 2025,April 2025,,Yes,,0 checked out of 1
"Battling Blades – Apr 25, 2025",Battling Blades,Battling Blades,4/25/2025,$1000.00,$37.22,$962.78,$1.40,$1397.20,$1345.20,$52.00,Development Retainer,Development Retainer,April 2025,April 2025,April 2025,,Yes,,0 checked out of 1
"Blox Boom – Apr 22, 2025",Blox Boom,Blox Boom,4/22/2025,$500.00,$0.00,$500.00,$1.37,$686.76,$686.76,$0.00,Affiliate Software,Affiliate Software,April 2025,April 2025,April 2025,,No,,1 checked out of 1
"Plufl – Apr 18, 2025",Plufl,Plufl,4/18/2025,$1000.00,$37.30,$962.70,$1.40,$1397.20,$1345.08,$52.12,Development Retainer,Development Retainer,April 2025,April 2025,April 2025,,Yes,,0 checked out of 1
"Nook Woodworking – Apr 12, 2025",Nook Woodworking,Nook Woodworking,4/12/2025,$1000.00,$37.30,$962.70,$1.40,$1397.20,$1345.08,$52.12,Development Retainer,Development Retainer,April 2025,April 2025,April 2025,,Yes,,0 checked out of 1
"Skyro Digital – Apr 7, 2025",Skyro Digital,Skyro Digital,4/7/2025,$1250.00,$46.55,$1203.45,$1.40,$1746.50,$1681.46,$65.04,Affiliate Referral,Affiliate Referral,April 2025,April 2025,April 2025,,No,,0 checked out of 1
"Goose Creek Candles – Apr 4, 2025",Goose Creek Candles,Goose Creek Candles,4/4/2025,$2500.00,$92.80,$2407.20,$1.40,$3493.00,$3363.34,$129.66,Development Retainer,Development Retainer,April 2025,April 2025,April 2025,,Yes,,1 checked out of 1
"Club Early Bird – Apr 4, 2025",Club Early Bird,Club Early Bird,4/4/2025,$5000.00,$185.21,$4814.79,$1.40,$6986.00,$6727.22,$258.78,CRO Retainer,CRO Retainer,April 2025,April 2025,April 2025,,Yes,,0 checked out of 1
"Primal Queen – Apr 1, 2025",Primal Queen,Primal Queen,4/1/2025,$5000.00,$185.30,$4814.70,$1.40,$6986.00,$6727.10,$258.90,CRO Retainer,CRO Retainer,April 2025,April 2025,April 2025,,Yes,,1 checked out of 1
"Plufl – Mar 31, 2025",Plufl,Plufl,3/31/2025,$1000.00,$37.30,$962.70,$1.43,$1425.40,$1372.23,$53.17,Development Retainer,Development Retainer,March 2025,March 2025,March 2025,,Yes,,0 checked out of 1
"Nook Woodworking – Mar 30, 2025",Nook Woodworking,Nook Woodworking,3/30/2025,$1000.00,$37.30,$962.70,$1.43,$1425.40,$1372.23,$53.17,Development Retainer,Development Retainer,March 2025,March 2025,March 2025,,Yes,,0 checked out of 1
"Blox Boom – Mar 21, 2025",Blox Boom,Blox Boom,3/21/2025,$500.00,$0.00,$500.00,$1.43,$713.46,$713.46,$0.00,Affiliate Software,Affiliate Software,March 2025,March 2025,March 2025,,No,,1 checked out of 1
"Battling Blades – Mar 14, 2025",Battling Blades,Battling Blades,3/14/2025,$1000.00,$37.21,$962.79,$1.43,$1425.40,$1372.36,$53.04,Development Retainer,Development Retainer,March 2025,March 2025,March 2025,,Yes,,0 checked out of 1
"Nook Woodworking – Mar 5, 2025",Nook Woodworking,Nook Woodworking,3/5/2025,$1000.00,$37.30,$962.70,$1.43,$1425.40,$1372.23,$53.17,Development Retainer,Development Retainer,March 2025,March 2025,March 2025,,Yes,,0 checked out of 1
"Primal Queen – Mar 4, 2025",Primal Queen,Primal Queen,3/4/2025,$5000.00,$185.30,$4814.70,$1.43,$7127.00,$6862.87,$264.13,CRO Retainer,CRO Retainer,March 2025,March 2025,March 2025,,Yes,,1 checked out of 1
"Nook Woodworking – Mar 2, 2025",Nook Woodworking,Nook Woodworking,3/2/2025,$1000.00,$37.30,$962.70,$1.43,$1425.40,$1372.23,$53.17,Development Retainer,Development Retainer,March 2025,March 2025,March 2025,,Yes,,0 checked out of 1
"Goose Creek Candles – Mar 1, 2025",Goose Creek Candles,Goose Creek Candles,3/1/2025,$2500.00,$92.80,$2407.20,$1.43,$3563.50,$3431.22,$132.28,Development Retainer,Development Retainer,March 2025,March 2025,March 2025,,Yes,,1 checked out of 1
"Duvin Design – Feb 24, 2025",Duvin Design,Duvin Design,2/24/2025,$5000.00,$185.30,$4814.70,$1.43,$7173.50,$6907.65,$265.85,CRO Retainer,CRO Retainer,February 2025,February 2025,February 2025,,Yes,,0 checked out of 1
"Blox Boom – Feb 21, 2025",Blox Boom,Blox Boom,2/21/2025,$500.00,$0.00,$500.00,$1.41,$706.06,$706.06,$0.00,Affiliate Software,Affiliate Software,February 2025,February 2025,February 2025,,No,,1 checked out of 1
"Plufl – Feb 10, 2025",Plufl,Plufl,2/10/2025,$1000.00,$37.30,$962.70,$1.43,$1434.70,$1381.19,$53.51,Development Retainer,Development Retainer,February 2025,February 2025,February 2025,,Yes,,0 checked out of 1
"Perfect White Tee – Feb 5, 2025",Perfect White Tee,Perfect White Tee,2/5/2025,$6000.00,$222.21,$5777.79,$1.43,$8608.20,$8289.40,$318.80,CRO Retainer,CRO Retainer,February 2025,February 2025,February 2025,,Yes,,1 checked out of 1
"Primal Queen – Feb 4, 2025",Primal Queen,Primal Queen,2/4/2025,$5000.00,$185.30,$4814.70,$1.43,$7173.50,$6907.65,$265.85,CRO Retainer,CRO Retainer,February 2025,February 2025,February 2025,,Yes,,1 checked out of 1
"Nook Woodworking – Feb 2, 2025",Nook Woodworking,Nook Woodworking,2/2/2025,$1000.00,$37.30,$962.70,$1.43,$1434.70,$1381.19,$53.51,Development Retainer,Development Retainer,February 2025,February 2025,February 2025,,Yes,,0 checked out of 1
"Goose Creek Candles – Feb 1, 2025",Goose Creek Candles,Goose Creek Candles,2/1/2025,$2500.00,$92.80,$2407.20,$1.43,$3586.75,$3453.61,$133.14,Development Retainer,Development Retainer,February 2025,February 2025,February 2025,,Yes,,1 checked out of 1
"Blox Boom – Jan 22, 2025",Blox Boom,Blox Boom,1/22/2025,$500.00,$0.00,$500.00,$1.43,$712.61,$712.61,$0.00,Affiliate Software,Affiliate Software,January 2025,January 2025,January 2025,,No,,1 checked out of 1
"Bleame – Jan 20, 2025",Bleame,Bleame,1/20/2025,$6000.00,$221.80,$5778.20,$1.40,$8383.20,$8073.30,$309.90,CRO Retainer,CRO Retainer,January 2025,January 2025,January 2025,,Yes,,0 checked out of 1
"Moon Nude – Jan 15, 2025",Moon Nude,Moon Nude,1/15/2025,$10000.00,$370.30,$9629.70,$1.42,$14241.00,$13713.66,$527.34,CRO Retainer,CRO Retainer,January 2025,January 2025,January 2025,,Yes,,0 checked out of 1
"Perfect White Tee – Jan 8, 2025",Perfect White Tee,Perfect White Tee,1/8/2025,$6000.00,$222.21,$5777.79,$1.42,$8543.40,$8227.00,$316.40,CRO Retainer,CRO Retainer,January 2025,January 2025,January 2025,,Yes,,1 checked out of 1
"Primal Queen – Jan 7, 2025",Primal Queen,Primal Queen,1/7/2025,$5000.00,$185.30,$4814.70,$1.44,$7211.00,$6943.76,$267.24,CRO Retainer,CRO Retainer,January 2025,January 2025,January 2025,,Yes,,1 checked out of 1
"Nook Woodworking – Jan 6, 2025",Nook Woodworking,Nook Woodworking,1/6/2025,$500.00,$18.80,$481.20,$1.44,$721.10,$693.99,$27.11,Development Retainer,Development Retainer,January 2025,January 2025,January 2025,,Yes,,0 checked out of 1
"TryZeria – Jan 1, 2025",TryZeria,TryZeria,1/1/2025,$5000.00,$185.30,$4814.70,$1.44,$7211.00,$6943.76,$267.24,CRO Retainer,CRO Retainer,January 2025,January 2025,January 2025,,Yes,,0 checked out of 1
"Goose Creek Candles – Jan 1, 2025",Goose Creek Candles,Goose Creek Candles,1/1/2025,$2500.00,$92.80,$2407.20,$1.44,$3605.50,$3471.66,$133.84,Development Retainer,Development Retainer,January 2025,January 2025,January 2025,,Yes,,1 checked out of 1
"Bleame – Dec 30, 2024",Bleame,Bleame,12/30/2024,$6000.00,$222.21,$5777.79,$1.44,$8641.20,$8321.17,$320.03,CRO Retainer,CRO Retainer,December 2024,December 2024,December 2024,,Yes,,0 checked out of 1
"Battling Blades – Dec 30, 2024",Battling Blades,Battling Blades,12/30/2024,$1000.00,$37.21,$962.79,$1.44,$1440.20,$1386.61,$53.59,Development Retainer,Development Retainer,December 2024,December 2024,December 2024,,Yes,,0 checked out of 1
"Gods Fingerprints – Dec 30, 2024",Gods Fingerprints,Gods Fingerprints,12/30/2024,$2500.00,$92.71,$2407.29,$1.44,$3600.50,$3466.98,$133.52,Shopify Site Speed Development,Shopify Site Speed Development,December 2024,December 2024,December 2024,,No,,0 checked out of 1
"Blox Boom – Dec 20, 2024",Blox Boom,Blox Boom,12/20/2024,$500.00,$0.00,$500.00,$1.43,$713.76,$713.76,$0.00,Affiliate Software,Affiliate Software,December 2024,December 2024,December 2024,,No,,1 checked out of 1
"Duvin Design – Dec 17, 2024",Duvin Design,Duvin Design,12/17/2024,$5000.00,$185.21,$4814.79,$1.44,$7190.50,$6924.15,$266.35,CRO Retainer,CRO Retainer,December 2024,December 2024,December 2024,,Yes,,0 checked out of 1
"Perfect White Tee – Dec 11, 2024",Perfect White Tee,Perfect White Tee,12/11/2024,$6000.00,$222.21,$5777.79,$1.44,$8628.60,$8309.04,$319.56,CRO Retainer,CRO Retainer,December 2024,December 2024,December 2024,,Yes,,1 checked out of 1
"Primal Queen – Dec 10, 2024",Primal Queen,Primal Queen,12/10/2024,$5000.00,$185.30,$4814.70,$1.44,$7190.50,$6924.02,$266.48,CRO Retainer,CRO Retainer,December 2024,December 2024,December 2024,,Yes,,1 checked out of 1
"Blox Boom – Dec 5, 2024",Blox Boom,Blox Boom,12/5/2024,$8000.00,$296.30,$7703.70,$1.44,$11504.80,$11078.69,$426.11,CRO Retainer,CRO Retainer,December 2024,December 2024,December 2024,,Yes,,1 checked out of 1
"My Shield System – Dec 2, 2024",My Shield System,My Shield System,12/2/2024,$8000.00,$296.21,$7703.79,$1.44,$11504.80,$11078.82,$425.98,CRO Retainer,CRO Retainer,December 2024,December 2024,December 2024,,Yes,,0 checked out of 1
"Goose Creek Candles – Dec 1, 2024",Goose Creek Candles,Goose Creek Candles,12/1/2024,$2500.00,$92.80,$2407.20,$1.44,$3595.25,$3461.79,$133.46,Development Retainer,Development Retainer,December 2024,December 2024,December 2024,,Yes,,1 checked out of 1
"Gatsby – Nov 22, 2024",Gatsby,Gatsby,11/22/2024,$5000.00,$185.30,$4814.70,$1.40,$7005.00,$6745.39,$259.61,CRO Retainer,CRO Retainer,November 2024,November 2024,November 2024,,Yes,,1 checked out of 1
"Blox Boom – Nov 22, 2024",Blox Boom,Blox Boom,11/22/2024,$500.00,$0.00,$500.00,$1.41,$706.05,$706.05,$0.00,Affiliate Software,Affiliate Software,November 2024,November 2024,November 2024,,No,,1 checked out of 1
"Duvin Design – Nov 19, 2024",Duvin Design,Duvin Design,11/19/2024,$5000.00,$185.21,$4814.79,$1.40,$6997.00,$6737.82,$259.18,CRO Retainer,CRO Retainer,November 2024,November 2024,November 2024,,Yes,,0 checked out of 1
"My Shield System – Nov 18, 2024",My Shield System,My Shield System,11/18/2024,$8000.00,$296.21,$7703.79,$1.40,$11195.20,$10780.68,$414.52,CRO Retainer,CRO Retainer,November 2024,November 2024,November 2024,,Yes,,0 checked out of 1
"Gods Fingerprints – Nov 16, 2024",Gods Fingerprints,Gods Fingerprints,11/16/2024,$4500.00,$166.71,$4333.29,$1.40,$6297.30,$6064.01,$233.29,CRO Retainer,CRO Retainer,November 2024,November 2024,November 2024,,Yes,,0 checked out of 1
"Moon Nude – Nov 15, 2024",Moon Nude,Moon Nude,11/15/2024,$10000.00,$370.30,$9629.70,$1.40,$13994.00,$13475.80,$518.20,CRO Retainer,CRO Retainer,November 2024,November 2024,November 2024,,Yes,,0 checked out of 1
"Perfect White Tee – Nov 13, 2024",Perfect White Tee,Perfect White Tee,11/13/2024,$6000.00,$222.21,$5777.79,$1.40,$8396.40,$8085.44,$310.96,CRO Retainer,CRO Retainer,November 2024,November 2024,November 2024,,Yes,,1 checked out of 1
"Primal Queen – Nov 12, 2024",Primal Queen,Primal Queen,11/12/2024,$5000.00,$185.30,$4814.70,$1.40,$6981.50,$6722.77,$258.73,CRO Retainer,CRO Retainer,November 2024,November 2024,November 2024,,Yes,,1 checked out of 1
"Blox Boom – Nov 7, 2024",Blox Boom,Blox Boom,11/7/2024,$8000.00,$296.30,$7703.70,$1.40,$11170.40,$10756.68,$413.72,CRO Retainer,CRO Retainer,November 2024,November 2024,November 2024,,Yes,,1 checked out of 1
"LiveSozy – Nov 7, 2024",LiveSozy,LiveSozy,11/7/2024,$4800.00,$177.90,$4622.10,$1.40,$6702.24,$6453.84,$248.40,CRO Retainer,CRO Retainer,November 2024,November 2024,November 2024,,Yes,,1 checked out of 1
"Goose Creek Candles – Nov 1, 2024",Goose Creek Candles,Goose Creek Candles,11/1/2024,$5000.00,$185.30,$4814.70,$1.40,$6981.50,$6722.77,$258.73,CRO Retainer,CRO Retainer,November 2024,November 2024,November 2024,,Yes,,1 checked out of 1
"Moon Nude – Oct 25, 2024",Moon Nude,Moon Nude,10/25/2024,$10000.00,$370.30,$9629.70,$1.39,$13932.00,$13416.10,$515.90,CRO Retainer,CRO Retainer,October 2024,October 2024,October 2024,,Yes,,0 checked out of 1
"Gatsby – Oct 25, 2024",Gatsby,Gatsby,10/25/2024,$5000.00,$185.30,$4814.70,$1.39,$6966.00,$6707.84,$258.16,CRO Retainer,CRO Retainer,October 2024,October 2024,October 2024,,Yes,,1 checked out of 1
"Gods Fingerprints – Oct 23, 2024",Gods Fingerprints,Gods Fingerprints,10/23/2024,$4500.00,$166.72,$4333.28,$1.39,$6251.85,$6020.23,$231.62,CRO Retainer,CRO Retainer,October 2024,October 2024,October 2024,,Yes,,0 checked out of 1
"Duvin Design – Oct 22, 2024",Duvin Design,Duvin Design,10/22/2024,$5000.00,$185.22,$4814.78,$1.39,$6946.50,$6689.17,$257.33,CRO Retainer,CRO Retainer,October 2024,October 2024,October 2024,,Yes,,0 checked out of 1
"Blox Boom – Oct 22, 2024",Blox Boom,Blox Boom,10/22/2024,$500.00,$0.00,$500.00,$1.38,$687.74,$687.74,$0.00,Affiliate Software,Affiliate Software,October 2024,October 2024,October 2024,,No,,1 checked out of 1
"Perfect White Tee – Oct 16, 2024",Perfect White Tee,Perfect White Tee,10/16/2024,$6000.00,$222.22,$5777.78,$1.39,$8335.80,$8027.07,$308.73,CRO Retainer,CRO Retainer,October 2024,October 2024,October 2024,,Yes,,1 checked out of 1
"Primal Queen – Oct 15, 2024",Primal Queen,Primal Queen,10/15/2024,$5000.00,$185.30,$4814.70,$1.39,$6931.50,$6674.62,$256.88,CRO Retainer,CRO Retainer,October 2024,October 2024,October 2024,,Yes,,1 checked out of 1
"Blox Boom – Oct 10, 2024",Blox Boom,Blox Boom,10/10/2024,$8000.00,$296.30,$7703.70,$1.39,$11090.40,$10679.64,$410.76,CRO Retainer,CRO Retainer,October 2024,October 2024,October 2024,,Yes,,1 checked out of 1
"LiveSozy – Oct 10, 2024",LiveSozy,LiveSozy,10/10/2024,$4800.00,$177.90,$4622.10,$1.39,$6654.24,$6407.62,$246.62,CRO Retainer,CRO Retainer,October 2024,October 2024,October 2024,,Yes,,1 checked out of 1
"Goose Creek Candles – Oct 1, 2024",Goose Creek Candles,Goose Creek Candles,10/1/2024,$5000.00,$185.30,$4814.70,$1.36,$6791.50,$6539.81,$251.69,CRO Retainer,CRO Retainer,October 2024,October 2024,October 2024,,Yes,,1 checked out of 1
"TryAyuri – Sep 30, 2024",TryAyuri,TryAyuri,9/30/2024,$5000.00,$185.22,$4814.78,$1.36,$6791.50,$6539.92,$251.58,CRO Retainer,CRO Retainer,September 2024,September 2024,September 2024,,Yes,,0 checked out of 1
"Kitty Spout – Sep 29, 2024",Kitty Spout,Kitty Spout,9/29/2024,$6000.00,$174.30,$5825.70,$1.36,$8149.80,$7913.05,$236.75,CRO Retainer,CRO Retainer,September 2024,September 2024,September 2024,,Yes,,1 checked out of 1
"Duvin Design – Sep 27, 2024",Duvin Design,Duvin Design,9/27/2024,$5000.00,$185.22,$4814.78,$1.36,$6791.50,$6539.92,$251.58,CRO Retainer,CRO Retainer,September 2024,September 2024,September 2024,,Yes,,0 checked out of 1
"Hillman Gear – Sep 27, 2024",Hillman Gear,Hillman Gear,9/27/2024,$3800.00,$140.82,$3659.18,$1.36,$5161.54,$4970.26,$191.28,Shopify Design & Development,Shopify Design & Development,September 2024,September 2024,September 2024,,No,,0 checked out of 1
"Gatsby – Sep 27, 2024",Gatsby,Gatsby,9/27/2024,$5000.00,$185.30,$4814.70,$1.36,$6791.50,$6539.81,$251.69,CRO Retainer,CRO Retainer,September 2024,September 2024,September 2024,,Yes,,1 checked out of 1
"Gods Fingerprints – Sep 23, 2024",Gods Fingerprints,Gods Fingerprints,9/23/2024,$4500.00,$166.72,$4333.28,$1.35,$6060.15,$5835.63,$224.52,CRO Retainer,CRO Retainer,September 2024,September 2024,September 2024,,Yes,,0 checked out of 1
"Blox Boom – Sep 20, 2024",Blox Boom,Blox Boom,9/20/2024,$500.00,$0.00,$500.00,$1.35,$675.04,$675.04,$0.00,Affiliate Software,Affiliate Software,September 2024,September 2024,September 2024,,No,,1 checked out of 1
"Perfect White Tee – Sep 18, 2024",Perfect White Tee,Perfect White Tee,9/18/2024,$6000.00,$222.22,$5777.78,$1.34,$8069.40,$7770.54,$298.86,CRO Retainer,CRO Retainer,September 2024,September 2024,September 2024,,Yes,,1 checked out of 1
"Battling Blades – Sep 18, 2024",Battling Blades,Battling Blades,9/18/2024,$1000.00,$37.30,$962.70,$1.35,$1349.60,$1299.26,$50.34,Development Retainer,Development Retainer,September 2024,September 2024,September 2024,,Yes,,0 checked out of 1
"Primal Queen – Sep 17, 2024",Primal Queen,Primal Queen,9/17/2024,$5000.00,$185.30,$4814.70,$1.36,$6781.00,$6529.70,$251.30,CRO Retainer,CRO Retainer,September 2024,September 2024,September 2024,,Yes,,1 checked out of 1
"Blox Boom – Sep 12, 2024",Blox Boom,Blox Boom,9/12/2024,$10000.00,$370.30,$9629.70,$1.36,$13562.00,$13059.80,$502.20,CRO Retainer,CRO Retainer,September 2024,September 2024,September 2024,,Yes,,1 checked out of 1
"LiveSozy – Sep 12, 2024",LiveSozy,LiveSozy,9/12/2024,$4800.00,$177.90,$4622.10,$1.36,$6509.76,$6268.49,$241.27,CRO Retainer,CRO Retainer,September 2024,September 2024,September 2024,,Yes,,1 checked out of 1
"Golf Course Prints – Sep 9, 2024",Golf Course Prints,Golf Course Prints,9/9/2024,$6750.00,$250.05,$6499.95,$1.36,$9168.53,$8828.88,$339.64,CRO Retainer,CRO Retainer,September 2024,September 2024,September 2024,,Yes,,0 checked out of 1
"Arrowhead – Sep 8, 2024",Arrowhead,Arrowhead,9/8/2024,$3000.00,$111.30,$2888.70,$1.36,$4074.90,$3923.72,$151.18,CRO Retainer,CRO Retainer,September 2024,September 2024,September 2024,,Yes,,1 checked out of 1
"Moon Nude – Sep 3, 2024",Moon Nude,Moon Nude,9/3/2024,$10000.00,$370.30,$9629.70,$1.36,$13573.00,$13070.39,$502.61,CRO Retainer,CRO Retainer,September 2024,September 2024,September 2024,,Yes,,0 checked out of 1
"TryAyuri – Sep 2, 2024",TryAyuri,TryAyuri,9/2/2024,$5000.00,$185.22,$4814.78,$1.36,$6786.50,$6535.10,$251.40,CRO Retainer,CRO Retainer,September 2024,September 2024,September 2024,,Yes,,0 checked out of 1
"Goose Creek Candles – Sep 1, 2024",Goose Creek Candles,Goose Creek Candles,9/1/2024,$5000.00,$185.30,$4814.70,$1.36,$6786.50,$6534.99,$251.51,CRO Retainer,CRO Retainer,September 2024,September 2024,September 2024,,Yes,,1 checked out of 1
"Gatsby – Aug 30, 2024",Gatsby,Gatsby,8/30/2024,$5000.00,$185.30,$4814.70,$1.35,$6757.50,$6507.07,$250.43,CRO Retainer,CRO Retainer,August 2024,August 2024,August 2024,,Yes,,1 checked out of 1
"Kitty Spout – Aug 29, 2024",Kitty Spout,Kitty Spout,8/29/2024,$6000.00,$174.30,$5825.70,$1.35,$8109.00,$7873.43,$235.57,CRO Retainer,CRO Retainer,August 2024,August 2024,August 2024,,Yes,,1 checked out of 1
"Duvin Design – Aug 29, 2024",Duvin Design,Duvin Design,8/29/2024,$5000.00,$185.22,$4814.78,$1.35,$6760.00,$6509.58,$250.42,CRO Retainer,CRO Retainer,August 2024,August 2024,August 2024,,Yes,,0 checked out of 1
"Hillman Gear – Aug 29, 2024",Hillman Gear,Hillman Gear,8/29/2024,$5000.00,$185.22,$4814.78,$1.35,$6760.00,$6509.58,$250.42,Shopify Design & Development,Shopify Design & Development,August 2024,August 2024,August 2024,,No,,0 checked out of 1
"Perfect White Tee – Aug 26, 2024",Perfect White Tee,Perfect White Tee,8/26/2024,$5000.00,$185.22,$4814.78,$1.35,$6739.00,$6489.36,$249.64,CRO Retainer,CRO Retainer,August 2024,August 2024,August 2024,,Yes,,1 checked out of 1
"Goose Creek Candles – Aug 26, 2024",Goose Creek Candles,Goose Creek Candles,8/26/2024,$1400.00,$52.10,$1347.90,$1.35,$1886.92,$1816.70,$70.22,Shopify Design & Development,Shopify Design & Development,August 2024,August 2024,August 2024,,No,,1 checked out of 1
"Primal Queen – Aug 22, 2024",Primal Queen,Primal Queen,8/22/2024,$3000.00,$111.30,$2888.70,$1.35,$4043.40,$3893.39,$150.01,Shopify Design & Development,Shopify Design & Development,August 2024,August 2024,August 2024,,No,,1 checked out of 1
"Blox Boom – Aug 22, 2024",Blox Boom,Blox Boom,8/22/2024,$500.00,$0.00,$500.00,$1.35,$675.57,$675.57,$0.00,Affiliate Referral,Affiliate Referral,August 2024,August 2024,August 2024,,No,,1 checked out of 1
"Primal Queen – Aug 20, 2024",Primal Queen,Primal Queen,8/20/2024,$5000.00,$185.30,$4814.70,$1.35,$6731.00,$6481.55,$249.45,CRO Retainer,CRO Retainer,August 2024,August 2024,August 2024,,Yes,,1 checked out of 1
"Baked Bags – Aug 18, 2024",Baked Bags,Baked Bags,8/18/2024,$5400.00,$200.10,$5199.90,$1.35,$7269.48,$7000.11,$269.37,CRO Retainer,CRO Retainer,August 2024,August 2024,August 2024,,Yes,,0 checked out of 1
"Blox Boom – Aug 15, 2024",Blox Boom,Blox Boom,8/15/2024,$10000.00,$370.30,$9629.70,$1.35,$13462.00,$12963.50,$498.50,CRO Retainer,CRO Retainer,August 2024,August 2024,August 2024,,Yes,,1 checked out of 1
"LiveSozy – Aug 15, 2024",LiveSozy,LiveSozy,8/15/2024,$4800.00,$177.90,$4622.10,$1.35,$6461.76,$6222.27,$239.49,CRO Retainer,CRO Retainer,August 2024,August 2024,August 2024,,Yes,,1 checked out of 1
"Golf Course Prints – Aug 11, 2024",Golf Course Prints,Golf Course Prints,8/11/2024,$6750.00,$250.05,$6499.95,$1.37,$9248.85,$8906.23,$342.62,CRO Retainer,CRO Retainer,August 2024,August 2024,August 2024,,Yes,,0 checked out of 1
"Arrowhead – Aug 8, 2024",Arrowhead,Arrowhead,8/8/2024,$3000.00,$111.30,$2888.70,$1.37,$4116.00,$3963.30,$152.70,CRO Retainer,CRO Retainer,August 2024,August 2024,August 2024,,Yes,,1 checked out of 1
"Goose Creek Candles – Aug 7, 2024",Goose Creek Candles,Goose Creek Candles,8/7/2024,$500.00,$18.80,$481.20,$1.37,$687.15,$661.31,$25.84,Shopify Design & Development,Shopify Design & Development,August 2024,August 2024,August 2024,,No,,1 checked out of 1
"Blox Boom – Aug 7, 2024",Blox Boom,Blox Boom,8/7/2024,$500.00,$0.00,$500.00,$1.33,$664.30,$664.30,$0.00,Affiliate Software,Affiliate Software,August 2024,August 2024,August 2024,,No,,1 checked out of 1
"Battling Blades – Aug 5, 2024",Battling Blades,Battling Blades,8/5/2024,$1000.00,$37.30,$962.70,$1.37,$1372.40,$1321.21,$51.19,Development Retainer,Development Retainer,August 2024,August 2024,August 2024,,Yes,,0 checked out of 1
"TryAyuri – Aug 5, 2024",TryAyuri,TryAyuri,8/5/2024,$5000.00,$185.22,$4814.78,$1.37,$6862.00,$6607.80,$254.20,CRO Retainer,CRO Retainer,August 2024,August 2024,August 2024,,Yes,,0 checked out of 1
"Gatsby – Aug 2, 2024",Gatsby,Gatsby,8/2/2024,$5000.00,$185.30,$4814.70,$1.37,$6862.00,$6607.69,$254.31,CRO Retainer,CRO Retainer,August 2024,August 2024,August 2024,,Yes,,1 checked out of 1
"Goose Creek Candles – Aug 1, 2024",Goose Creek Candles,Goose Creek Candles,8/1/2024,$5000.00,$185.30,$4814.70,$1.37,$6862.00,$6607.69,$254.31,CRO Retainer,CRO Retainer,August 2024,August 2024,August 2024,,Yes,,1 checked out of 1
"Kitty Spout – Jul 30, 2024",Kitty Spout,Kitty Spout,7/30/2024,$6000.00,$174.30,$5825.70,$1.39,$8310.00,$8068.59,$241.41,CRO Retainer,CRO Retainer,July 2024,July 2024,July 2024,,Yes,,1 checked out of 1
"Goose Creek Candles – Jul 29, 2024",Goose Creek Candles,Goose Creek Candles,7/29/2024,$450.00,$16.95,$433.05,$1.39,$624.42,$600.90,$23.52,Shopify Design & Development,Shopify Design & Development,July 2024,July 2024,July 2024,,No,,1 checked out of 1
"Primal Queen – Jul 23, 2024",Primal Queen,Primal Queen,7/23/2024,$5000.00,$185.30,$4814.70,$1.38,$6918.50,$6662.10,$256.40,CRO Retainer,CRO Retainer,July 2024,July 2024,July 2024,,Yes,,1 checked out of 1
"Blox Boom – Jul 22, 2024",Blox Boom,Blox Boom,7/22/2024,$10000.00,$370.30,$9629.70,$1.38,$13837.00,$13324.62,$512.38,CRO Retainer,CRO Retainer,July 2024,July 2024,July 2024,,Yes,,1 checked out of 1
"Goose Creek Candles – Jul 18, 2024",Goose Creek Candles,Goose Creek Candles,7/18/2024,$400.00,$15.10,$384.90,$1.38,$553.48,$532.59,$20.89,Shopify Design & Development,Shopify Design & Development,July 2024,July 2024,July 2024,,No,,1 checked out of 1
"LiveSozy – Jul 18, 2024",LiveSozy,LiveSozy,7/18/2024,$4440.00,$164.58,$4275.42,$1.38,$6143.63,$5915.90,$227.73,CRO Retainer,CRO Retainer,July 2024,July 2024,July 2024,,Yes,,1 checked out of 1
"Baked Bags – Jul 18, 2024",Baked Bags,Baked Bags,7/18/2024,$5400.00,$200.10,$5199.90,$1.38,$7471.98,$7195.10,$276.88,CRO Retainer,CRO Retainer,July 2024,July 2024,July 2024,,Yes,,0 checked out of 1
"Goose Creek Candles – Jul 11, 2024",Goose Creek Candles,Goose Creek Candles,7/11/2024,$300.00,$11.40,$288.60,$1.37,$410.25,$394.66,$15.59,Shopify Design & Development,Shopify Design & Development,July 2024,July 2024,July 2024,,No,,1 checked out of 1
"Golf Course Prints – Jul 9, 2024",Golf Course Prints,Golf Course Prints,7/9/2024,$6750.00,$250.05,$6499.95,$1.36,$9202.28,$8861.38,$340.89,CRO Retainer,CRO Retainer,July 2024,July 2024,July 2024,,Yes,,0 checked out of 1
"Battling Blades – Jul 8, 2024",Battling Blades,Battling Blades,7/8/2024,$1000.00,$37.30,$962.70,$1.36,$1363.30,$1312.45,$50.85,Development Retainer,Development Retainer,July 2024,July 2024,July 2024,,Yes,,0 checked out of 1
"Arrowhead – Jul 8, 2024",Arrowhead,Arrowhead,7/8/2024,$3000.00,$111.30,$2888.70,$1.36,$4089.90,$3938.16,$151.74,CRO Retainer,CRO Retainer,July 2024,July 2024,July 2024,,Yes,,1 checked out of 1
"ViralEcomAdz – Jul 6, 2024",ViralEcomAdz,ViralEcomAdz,7/6/2024,$600.00,$22.50,$577.50,$1.36,$817.80,$787.13,$30.67,Shopify Design & Development,Shopify Design & Development,July 2024,July 2024,July 2024,,No,,0 checked out of 1
"Gatsby – Jul 5, 2024",Gatsby,Gatsby,7/5/2024,$5000.00,$185.30,$4814.70,$1.36,$6811.50,$6559.07,$252.43,CRO Retainer,CRO Retainer,July 2024,July 2024,July 2024,,Yes,,1 checked out of 1
"Gatsby – Jul 5, 2024",Gatsby,Gatsby,7/5/2024,$1500.00,$55.80,$1444.20,$1.36,$2043.45,$1967.43,$76.02,Shopify Design & Development,Shopify Design & Development,July 2024,July 2024,July 2024,,No,,1 checked out of 1
"Hillman Gear – Jul 1, 2024",Hillman Gear,Hillman Gear,7/1/2024,$1100.00,$41.00,$1059.00,$1.36,$1500.62,$1444.69,$55.93,Shopify Design & Development,Shopify Design & Development,July 2024,July 2024,July 2024,,No,,0 checked out of 1
"Goose Creek Candles – Jul 1, 2024",Goose Creek Candles,Goose Creek Candles,7/1/2024,$5000.00,$185.30,$4814.70,$1.36,$6821.00,$6568.21,$252.79,CRO Retainer,CRO Retainer,July 2024,July 2024,July 2024,,Yes,,1 checked out of 1
"Kitty Spout – Jul 1, 2024",Kitty Spout,Kitty Spout,7/1/2024,$6000.00,$174.30,$5825.70,$1.36,$8185.20,$7947.42,$237.78,CRO Retainer,CRO Retainer,July 2024,July 2024,July 2024,,Yes,,1 checked out of 1
"Primal Queen – Jun 25, 2024",Primal Queen,Primal Queen,6/25/2024,$5000.00,$185.30,$4814.70,$1.37,$6844.50,$6590.84,$253.66,CRO Retainer,CRO Retainer,June 2024,June 2024,June 2024,,Yes,,1 checked out of 1
"Baked Bags – Jun 21, 2024",Baked Bags,Baked Bags,6/21/2024,$5400.00,$200.10,$5199.90,$1.37,$7392.06,$7118.14,$273.92,CRO Retainer,CRO Retainer,June 2024,June 2024,June 2024,,Yes,,0 checked out of 1
"Blox Boom – Jun 20, 2024",Blox Boom,Blox Boom,6/20/2024,$10000.00,$370.30,$9629.70,$1.37,$13666.00,$13159.95,$506.05,CRO Retainer,CRO Retainer,June 2024,June 2024,June 2024,,Yes,,1 checked out of 1
"LiveSozy – Jun 20, 2024",LiveSozy,LiveSozy,6/20/2024,$4800.00,$177.90,$4622.10,$1.37,$6559.68,$6316.56,$243.12,CRO Retainer,CRO Retainer,June 2024,June 2024,June 2024,,Yes,,1 checked out of 1
"Angelic Motion – Jun 17, 2024",Angelic Motion,Angelic Motion,6/17/2024,$5000.00,$185.30,$4814.70,$1.37,$6867.00,$6612.51,$254.49,CRO Retainer,CRO Retainer,June 2024,June 2024,June 2024,,Yes,,0 checked out of 1
"Arrowhead – Jun 8, 2024",Arrowhead,Arrowhead,6/8/2024,$3000.00,$111.30,$2888.70,$1.37,$4120.20,$3967.34,$152.86,CRO Retainer,CRO Retainer,June 2024,June 2024,June 2024,,Yes,,1 checked out of 1
"Self Cut System – Jun 4, 2024",Self Cut System,Self Cut System,6/4/2024,$3250.00,$120.55,$3129.45,$1.37,$4463.55,$4297.99,$165.56,Meta Media Buying,Meta Media Buying,June 2024,June 2024,June 2024,,No,,0 checked out of 1
"Goose Creek Candles – Jun 1, 2024",Goose Creek Candles,Goose Creek Candles,6/1/2024,$5000.00,$185.30,$4814.70,$1.37,$6867.00,$6612.51,$254.49,CRO Retainer,CRO Retainer,June 2024,June 2024,June 2024,,Yes,,1 checked out of 1
"Hillman Gear – May 30, 2024",Hillman Gear,Hillman Gear,5/30/2024,$500.00,$18.80,$481.20,$1.37,$685.05,$659.29,$25.76,Shopify Design & Development,Shopify Design & Development,May 2024,May 2024,May 2024,,No,,0 checked out of 1
"Social Culture Art – May 29, 2024",Social Culture Art,Social Culture Art,5/29/2024,$1000.00,$37.30,$962.70,$1.36,$1362.40,$1311.58,$50.82,CRO Retainer,CRO Retainer,May 2024,May 2024,May 2024,,Yes,,0 checked out of 1
"ViralEcomAdz – May 29, 2024",ViralEcomAdz,ViralEcomAdz,5/29/2024,$1000.00,$37.30,$962.70,$1.37,$1368.80,$1317.74,$51.06,Shopify Design & Development,Shopify Design & Development,May 2024,May 2024,May 2024,,No,,0 checked out of 1
"Primal Queen – May 28, 2024",Primal Queen,Primal Queen,5/28/2024,$5000.00,$185.30,$4814.70,$1.36,$6819.00,$6566.29,$252.71,CRO Retainer,CRO Retainer,May 2024,May 2024,May 2024,,Yes,,1 checked out of 1
"Social Culture Art – May 22, 2024",Social Culture Art,Social Culture Art,5/22/2024,$1000.00,$37.30,$962.70,$1.36,$1364.50,$1313.60,$50.90,CRO Retainer,CRO Retainer,May 2024,May 2024,May 2024,,Yes,,0 checked out of 1
"Why Not Natural – May 22, 2024",Why Not Natural,Why Not Natural,5/22/2024,$2500.00,$92.80,$2407.20,$1.36,$3411.25,$3284.62,$126.63,Shopify Design & Development,Shopify Design & Development,May 2024,May 2024,May 2024,,No,,0 checked out of 1
"Coda Music – May 22, 2024",Coda Music,Coda Music,5/22/2024,$2500.00,$92.80,$2407.20,$1.36,$3411.25,$3284.62,$126.63,Shopify Design & Development,Shopify Design & Development,May 2024,May 2024,May 2024,,No,,0 checked out of 1
"Baked Bags – May 20, 2024",Baked Bags,Baked Bags,5/20/2024,$5400.00,$200.10,$5199.90,$1.37,$7379.10,$7105.66,$273.44,CRO Retainer,CRO Retainer,May 2024,May 2024,May 2024,,Yes,,0 checked out of 1
"LiveSozy – May 20, 2024",LiveSozy,LiveSozy,5/20/2024,$4000.00,$148.30,$3851.70,$1.37,$5466.00,$5263.35,$202.65,CRO Retainer,CRO Retainer,May 2024,May 2024,May 2024,,Yes,,1 checked out of 1
"Social Culture Art – May 19, 2024",Social Culture Art,Social Culture Art,5/19/2024,$1000.00,$37.30,$962.70,$1.37,$1366.50,$1315.53,$50.97,CRO Retainer,CRO Retainer,May 2024,May 2024,May 2024,,Yes,,0 checked out of 1
"Angelic Motion – May 17, 2024",Angelic Motion,Angelic Motion,5/17/2024,$5000.00,$185.30,$4814.70,$1.37,$6832.50,$6579.29,$253.21,CRO Retainer,CRO Retainer,May 2024,May 2024,May 2024,,Yes,,0 checked out of 1
"Blox Boom – May 16, 2024",Blox Boom,Blox Boom,5/16/2024,$8000.00,$296.30,$7703.70,$1.37,$10932.00,$10527.11,$404.89,CRO Retainer,CRO Retainer,May 2024,May 2024,May 2024,,Yes,,1 checked out of 1
"Goose Creek Candles – May 15, 2024",Goose Creek Candles,Goose Creek Candles,5/15/2024,$3150.00,$116.85,$3033.15,$1.37,$4304.48,$4144.80,$159.68,Shopify Design & Development,Shopify Design & Development,May 2024,May 2024,May 2024,,No,,1 checked out of 1
"Blanks By Thirty – May 8, 2024",Blanks By Thirty,Blanks By Thirty,5/8/2024,$5000.00,$185.30,$4814.70,$1.37,$6825.00,$6572.07,$252.93,CRO Retainer,CRO Retainer,May 2024,May 2024,May 2024,,Yes,,0 checked out of 1
"Arrowhead – May 8, 2024",Arrowhead,Arrowhead,5/8/2024,$3000.00,$111.30,$2888.70,$1.37,$4095.00,$3943.08,$151.92,CRO Retainer,CRO Retainer,May 2024,May 2024,May 2024,,Yes,,1 checked out of 1
"Social Culture Art – May 8, 2024",Social Culture Art,Social Culture Art,5/8/2024,$1000.00,$37.30,$962.70,$1.37,$1365.00,$1314.09,$50.91,CRO Retainer,CRO Retainer,May 2024,May 2024,May 2024,,Yes,,0 checked out of 1
"Gatsby – May 8, 2024",Gatsby,Gatsby,5/8/2024,$5000.00,$185.30,$4814.70,$1.37,$6841.50,$6587.95,$253.55,CRO Retainer,CRO Retainer,May 2024,May 2024,May 2024,,Yes,,1 checked out of 1
"Social Culture Art – May 5, 2024",Social Culture Art,Social Culture Art,5/5/2024,$1000.00,$37.30,$962.70,$1.37,$1368.70,$1317.65,$51.05,CRO Retainer,CRO Retainer,May 2024,May 2024,May 2024,,Yes,,0 checked out of 1
"Self Cut System – May 4, 2024",Self Cut System,Self Cut System,5/4/2024,$3250.00,$120.55,$3129.45,$1.37,$4448.27,$4283.28,$165.00,Meta Media Buying,Meta Media Buying,May 2024,May 2024,May 2024,,No,,0 checked out of 1
"Goose Creek Candles – May 1, 2024",Goose Creek Candles,Goose Creek Candles,5/1/2024,$5000.00,$185.30,$4814.70,$1.37,$6833.50,$6580.25,$253.25,CRO Retainer,CRO Retainer,May 2024,May 2024,May 2024,,Yes,,1 checked out of 1
"Self Cut System – May 1, 2024",Self Cut System,Self Cut System,5/1/2024,$7000.00,$259.30,$6740.70,$1.37,$9566.90,$9212.51,$354.39,Shopify Design & Development,Shopify Design & Development,May 2024,May 2024,May 2024,,No,,0 checked out of 1
"ViralEcomAdz – Apr 30, 2024",ViralEcomAdz,ViralEcomAdz,4/30/2024,$600.00,$22.50,$577.50,$1.37,$821.16,$790.37,$30.79,Shopify Design & Development,Shopify Design & Development,April 2024,April 2024,April 2024,,No,,0 checked out of 1
"Primal Queen – Apr 30, 2024",Primal Queen,Primal Queen,4/30/2024,$5000.00,$185.30,$4814.70,$1.37,$6843.00,$6589.40,$253.60,CRO Retainer,CRO Retainer,April 2024,April 2024,April 2024,,Yes,,1 checked out of 1
"Purusha People – Apr 29, 2024",Purusha People,Purusha People,4/29/2024,$2500.00,$92.80,$2407.20,$1.37,$3421.50,$3294.49,$127.01,Shopify Site Speed Development,Shopify Site Speed Development,April 2024,April 2024,April 2024,,No,,0 checked out of 1
"Gatsby – Apr 26, 2024",Gatsby,Gatsby,4/26/2024,$5000.00,$185.30,$4814.70,$1.38,$6880.00,$6625.03,$254.97,CRO Retainer,CRO Retainer,April 2024,April 2024,April 2024,,Yes,,1 checked out of 1
"Social Culture Art – Apr 24, 2024",Social Culture Art,Social Culture Art,4/24/2024,$1000.00,$37.30,$962.70,$1.38,$1375.90,$1324.58,$51.32,CRO Retainer,CRO Retainer,April 2024,April 2024,April 2024,,Yes,,0 checked out of 1
"Self Cut System – Apr 24, 2024",Self Cut System,Self Cut System,4/24/2024,$3000.00,$111.30,$2888.70,$1.37,$4095.60,$3943.65,$151.95,Shopify Design & Development,Shopify Design & Development,April 2024,April 2024,April 2024,,No,,0 checked out of 1
"Goose Creek Candles – Apr 24, 2024",Goose Creek Candles,Goose Creek Candles,4/24/2024,$3000.00,$111.30,$2888.70,$1.37,$4095.60,$3943.65,$151.95,Shopify Site Speed Development,Shopify Site Speed Development,April 2024,April 2024,April 2024,,No,,1 checked out of 1
"LiveSozy – Apr 23, 2024",LiveSozy,LiveSozy,4/23/2024,$4000.00,$148.30,$3851.70,$1.37,$5472.80,$5269.90,$202.90,CRO Retainer,CRO Retainer,April 2024,April 2024,April 2024,,Yes,,1 checked out of 1
"Angelic Motion – Apr 22, 2024",Angelic Motion,Angelic Motion,4/22/2024,$5000.00,$185.30,$4814.70,$1.37,$6828.50,$6575.44,$253.06,CRO Retainer,CRO Retainer,April 2024,April 2024,April 2024,,Yes,,0 checked out of 1
"Baked Bags – Apr 18, 2024",Baked Bags,Baked Bags,4/18/2024,$5400.00,$200.10,$5199.90,$1.37,$7382.88,$7109.30,$273.58,CRO Retainer,CRO Retainer,April 2024,April 2024,April 2024,,Yes,,0 checked out of 1
"Social Culture Art – Apr 17, 2024",Social Culture Art,Social Culture Art,4/17/2024,$1000.00,$37.30,$962.70,$1.37,$1367.20,$1316.20,$51.00,CRO Retainer,CRO Retainer,April 2024,April 2024,April 2024,,Yes,,0 checked out of 1
"Hoodies For Heros – Apr 15, 2024",Hoodies For Heros,Hoodies For Heros,4/15/2024,$6000.00,$174.30,$5825.70,$1.37,$8203.20,$7964.90,$238.30,CRO Retainer,CRO Retainer,April 2024,April 2024,April 2024,,Yes,,0 checked out of 1
"Pawtitas – Apr 15, 2024",Pawtitas,Pawtitas,4/15/2024,$2500.00,$92.80,$2407.20,$1.37,$3418.00,$3291.12,$126.88,Shopify Design & Development,Shopify Design & Development,April 2024,April 2024,April 2024,,No,,0 checked out of 1
"Social Culture Art – Apr 14, 2024",Social Culture Art,Social Culture Art,4/14/2024,$1000.00,$37.30,$962.70,$1.37,$1367.20,$1316.20,$51.00,CRO Retainer,CRO Retainer,April 2024,April 2024,April 2024,,Yes,,0 checked out of 1
"Kitty Spout – Apr 11, 2024",Kitty Spout,Kitty Spout,4/11/2024,$3000.00,$87.30,$2912.70,$1.37,$4101.60,$3982.24,$119.36,CRO Retainer,CRO Retainer,April 2024,April 2024,April 2024,,Yes,,1 checked out of 1
"Blanks By Thirty – Apr 10, 2024",Blanks By Thirty,Blanks By Thirty,4/10/2024,$2500.00,$92.80,$2407.20,$1.37,$3418.00,$3291.12,$126.88,CRO Retainer,CRO Retainer,April 2024,April 2024,April 2024,,Yes,,0 checked out of 1
"Arrowhead – Apr 8, 2024",Arrowhead,Arrowhead,4/8/2024,$3000.00,$111.30,$2888.70,$1.38,$4132.20,$3978.90,$153.30,CRO Retainer,CRO Retainer,April 2024,April 2024,April 2024,,Yes,,1 checked out of 1
"ViralEcomAdz – Apr 6, 2024",ViralEcomAdz,ViralEcomAdz,4/6/2024,$1600.00,$59.50,$1540.50,$1.37,$2188.80,$2107.40,$81.40,Shopify Design & Development,Shopify Design & Development,April 2024,April 2024,April 2024,,No,,0 checked out of 1
"Blox Boom – Apr 5, 2024",Blox Boom,Blox Boom,4/5/2024,$41.56,$0.00,$41.56,$1.35,$56.11,$56.11,$0.00,Affiliate Software,Affiliate Software,April 2024,April 2024,April 2024,,No,,1 checked out of 1
"Self Cut System – Apr 4, 2024",Self Cut System,Self Cut System,4/4/2024,$3250.00,$120.55,$3129.45,$1.37,$4446.00,$4281.09,$164.91,Meta Media Buying,Meta Media Buying,April 2024,April 2024,April 2024,,No,,0 checked out of 1
"Social Culture Art – Apr 3, 2024",Social Culture Art,Social Culture Art,4/3/2024,$1000.00,$37.30,$962.70,$1.33,$1325.70,$1276.25,$49.45,CRO Retainer,CRO Retainer,April 2024,April 2024,April 2024,,Yes,,0 checked out of 1
"Goose Creek Candles – Apr 1, 2024",Goose Creek Candles,Goose Creek Candles,4/1/2024,$5000.00,$185.30,$4814.70,$1.33,$6627.65,$6382.03,$245.62,CRO Retainer,CRO Retainer,April 2024,April 2024,April 2024,,Yes,,1 checked out of 1
"Social Culture Art – Mar 27, 2024",Social Culture Art,Social Culture Art,3/27/2024,$1000.00,$37.30,$962.70,$1.33,$1331.67,$1282.00,$49.67,CRO Retainer,CRO Retainer,March 2024,March 2024,March 2024,,Yes,,0 checked out of 1
"Gatsby – Mar 26, 2024",Gatsby,Gatsby,3/26/2024,$5000.00,$185.21,$4814.79,$1.33,$6652.05,$6405.64,$246.41,CRO Retainer,CRO Retainer,March 2024,March 2024,March 2024,,Yes,,1 checked out of 1
"Angelic Motion – Mar 22, 2024",Angelic Motion,Angelic Motion,3/22/2024,$5000.00,$185.21,$4814.79,$1.33,$6669.35,$6422.30,$247.05,CRO Retainer,CRO Retainer,March 2024,March 2024,March 2024,,Yes,,0 checked out of 1
"Social Culture Art – Mar 20, 2024",Social Culture Art,Social Culture Art,3/20/2024,$1000.00,$37.30,$962.70,$1.32,$1321.12,$1271.84,$49.28,CRO Retainer,CRO Retainer,March 2024,March 2024,March 2024,,Yes,,0 checked out of 1
"LiveSozy – Mar 20, 2024",LiveSozy,LiveSozy,3/20/2024,$4000.00,$148.30,$3851.70,$1.33,$5312.12,$5115.17,$196.95,CRO Retainer,CRO Retainer,March 2024,March 2024,March 2024,,Yes,,1 checked out of 1
"Hoodies For Heros – Mar 18, 2024",Hoodies For Heros,Hoodies For Heros,3/18/2024,$6000.00,$174.30,$5825.70,$1.33,$7962.60,$7731.29,$231.31,CRO Retainer,CRO Retainer,March 2024,March 2024,March 2024,,Yes,,0 checked out of 1
"Social Culture Art – Mar 13, 2024",Social Culture Art,Social Culture Art,3/13/2024,$1000.00,$37.30,$962.70,$1.32,$1320.34,$1271.09,$49.25,CRO Retainer,CRO Retainer,March 2024,March 2024,March 2024,,Yes,,0 checked out of 1
"Hashstash – Mar 12, 2024",Hashstash,Hashstash,3/12/2024,$4893.87,$181.00,$4712.87,$1.32,$6469.26,$6229.99,$239.27,CRO Retainer,CRO Retainer,March 2024,March 2024,March 2024,,Yes,,1 checked out of 1
"Kitty Spout – Mar 11, 2024",Kitty Spout,Kitty Spout,3/11/2024,$3000.00,$87.30,$2912.70,$1.32,$3964.95,$3849.57,$115.38,CRO Retainer,CRO Retainer,March 2024,March 2024,March 2024,,Yes,,1 checked out of 1
"Arrowhead – Mar 8, 2024",Arrowhead,Arrowhead,3/8/2024,$3000.00,$111.30,$2888.70,$1.32,$3964.95,$3817.85,$147.10,CRO Retainer,CRO Retainer,March 2024,March 2024,March 2024,,Yes,,1 checked out of 1
"Social Culture Art – Mar 6, 2024",Social Culture Art,Social Culture Art,3/6/2024,$723.41,$27.00,$696.41,$1.32,$958.03,$922.28,$35.76,CRO Retainer,CRO Retainer,March 2024,March 2024,March 2024,,Yes,,0 checked out of 1
"Self Cut System – Mar 4, 2024",Self Cut System,Self Cut System,3/4/2024,$3250.00,$120.55,$3129.45,$1.33,$4324.45,$4164.05,$160.40,Meta Media Buying,Meta Media Buying,March 2024,March 2024,March 2024,,No,,0 checked out of 1
"Social Culture Art – Mar 4, 2024",Social Culture Art,Social Culture Art,3/4/2024,$1000.00,$37.30,$962.70,$1.33,$1329.25,$1279.67,$49.58,CRO Retainer,CRO Retainer,March 2024,March 2024,March 2024,,Yes,,0 checked out of 1
"Goose Creek Candles – Mar 1, 2024",Goose Creek Candles,Goose Creek Candles,3/1/2024,$5000.00,$185.21,$4814.79,$1.33,$6649.90,$6403.57,$246.33,CRO Retainer,CRO Retainer,March 2024,March 2024,March 2024,,Yes,,1 checked out of 1
"Infinite Age – Feb 29, 2024",Infinite Age,Infinite Age,2/29/2024,$8000.00,$296.30,$7703.70,$1.33,$10633.68,$10239.84,$393.84,CRO Retainer,CRO Retainer,February 2024,February 2024,February 2024,,Yes,,1 checked out of 1
"Hoodies For Heros – Feb 29, 2024",Hoodies For Heros,Hoodies For Heros,2/29/2024,$4500.00,$130.73,$4369.27,$1.33,$5984.87,$5811.00,$173.87,CRO Retainer,CRO Retainer,February 2024,February 2024,February 2024,,Yes,,0 checked out of 1
"Gatsby – Feb 29, 2024",Gatsby,Gatsby,2/29/2024,$3750.00,$138.97,$3611.03,$1.33,$4978.73,$4794.22,$184.50,Shopify Design & Development,Shopify Design & Development,February 2024,February 2024,February 2024,,No,,1 checked out of 1
"Perfect White Tee – Feb 28, 2024",Perfect White Tee,Perfect White Tee,2/28/2024,$1560.00,$57.95,$1502.05,$1.33,$2076.17,$1999.05,$77.12,Shopify Design & Development,Shopify Design & Development,February 2024,February 2024,February 2024,,No,,1 checked out of 1
"Shop Health Watch – Feb 16, 2024",Shop Health Watch,Shop Health Watch,2/16/2024,$4000.00,$116.23,$3883.77,$1.32,$5288.08,$5134.42,$153.66,CRO Retainer,CRO Retainer,February 2024,February 2024,February 2024,,Yes,,0 checked out of 1
"Skyro Digital – Feb 15, 2024",Skyro Digital,Skyro Digital,2/15/2024,$1300.00,$48.33,$1251.67,$1.32,$1717.65,$1653.79,$63.86,Affiliate Referral,Affiliate Referral,February 2024,February 2024,February 2024,,No,,0 checked out of 1
"Kitty Spout – Feb 11, 2024",Kitty Spout,Kitty Spout,2/11/2024,$3000.00,$87.30,$2912.70,$1.32,$3958.02,$3842.84,$115.18,CRO Retainer,CRO Retainer,February 2024,February 2024,February 2024,,Yes,,1 checked out of 1
"Arrowhead – Feb 8, 2024",Arrowhead,Arrowhead,2/8/2024,$3000.00,$111.30,$2888.70,$1.32,$3957.36,$3810.54,$146.82,CRO Retainer,CRO Retainer,February 2024,February 2024,February 2024,,Yes,,1 checked out of 1
"Self Cut System – Feb 4, 2024",Self Cut System,Self Cut System,2/4/2024,$3250.00,$120.55,$3129.45,$1.32,$4290.68,$4131.53,$159.15,Meta Media Buying,Meta Media Buying,February 2024,February 2024,February 2024,,No,,0 checked out of 1
"Perfect White Tee – Feb 3, 2024",Perfect White Tee,Perfect White Tee,2/3/2024,$5000.00,$185.21,$4814.79,$1.32,$6595.90,$6351.57,$244.33,CRO Retainer,CRO Retainer,February 2024,February 2024,February 2024,,Yes,,1 checked out of 1
"Purusha People – Feb 1, 2024",Purusha People,Purusha People,2/1/2024,$5000.00,$185.21,$4814.79,$1.32,$6589.80,$6345.70,$244.10,CRO Retainer,CRO Retainer,February 2024,February 2024,February 2024,,Yes,,0 checked out of 1
"Goose Creek Candles – Feb 1, 2024",Goose Creek Candles,Goose Creek Candles,2/1/2024,$5000.00,$185.21,$4814.79,$1.32,$6581.15,$6337.37,$243.78,CRO Retainer,CRO Retainer,February 2024,February 2024,February 2024,,Yes,,1 checked out of 1
"Perfect White Tee – Jan 31, 2024",Perfect White Tee,Perfect White Tee,1/31/2024,$2000.00,$74.23,$1925.77,$1.32,$2632.26,$2534.56,$97.70,Shopify Design & Development,Shopify Design & Development,January 2024,January 2024,January 2024,,No,,1 checked out of 1
"Vush Stimulations – Jan 23, 2024",Vush Stimulations,Vush Stimulations,1/23/2024,$5000.00,$185.21,$4814.79,$1.32,$6604.65,$6360.00,$244.65,CRO Retainer,CRO Retainer,January 2024,January 2024,January 2024,,Yes,,0 checked out of 1
"ViralEcomAdz – Jan 19, 2024",ViralEcomAdz,ViralEcomAdz,1/19/2024,$600.00,$22.43,$577.57,$1.32,$789.55,$760.03,$29.52,Shopify Design & Development,Shopify Design & Development,January 2024,January 2024,January 2024,,No,,0 checked out of 1
"Infinite Age – Jan 18, 2024",Infinite Age,Infinite Age,1/18/2024,$3500.00,$129.73,$3370.27,$1.32,$4626.44,$4454.96,$171.48,CRO Retainer,CRO Retainer,January 2024,January 2024,January 2024,,Yes,,1 checked out of 1
"Infinite Age – Jan 17, 2024",Infinite Age,Infinite Age,1/17/2024,$4500.00,$166.73,$4333.27,$1.33,$5964.48,$5743.49,$220.99,CRO Retainer,CRO Retainer,January 2024,January 2024,January 2024,,Yes,,1 checked out of 1
"Infinite Age – Jan 17, 2024",Infinite Age,Infinite Age,1/17/2024,$800.00,$29.83,$770.17,$1.33,$1060.35,$1020.81,$39.54,Shopify Design & Development,Shopify Design & Development,January 2024,January 2024,January 2024,,No,,1 checked out of 1
"Infinite Age – Jan 17, 2024",Infinite Age,Infinite Age,1/17/2024,$500.00,$18.73,$481.27,$1.33,$662.72,$637.89,$24.83,Shopify Design & Development,Shopify Design & Development,January 2024,January 2024,January 2024,,No,,1 checked out of 1
"Hashstash – Jan 16, 2024",Hashstash,Hashstash,1/16/2024,$5000.00,$185.21,$4814.79,$1.32,$6608.75,$6363.95,$244.80,CRO Retainer,CRO Retainer,January 2024,January 2024,January 2024,,Yes,,1 checked out of 1
"Kitty Spout – Jan 11, 2024",Kitty Spout,Kitty Spout,1/11/2024,$3000.00,$87.30,$2912.70,$1.31,$3929.28,$3814.94,$114.34,CRO Retainer,CRO Retainer,January 2024,January 2024,January 2024,,Yes,,1 checked out of 1
"Arrowhead – Jan 8, 2024",Arrowhead,Arrowhead,1/8/2024,$3000.00,$111.30,$2888.70,$1.31,$3924.90,$3779.29,$145.61,CRO Retainer,CRO Retainer,January 2024,January 2024,January 2024,,Yes,,1 checked out of 1
"Arrowhead – Jan 8, 2024",Arrowhead,Arrowhead,1/8/2024,$600.00,$22.43,$577.57,$1.31,$787.28,$757.85,$29.43,Shopify Design & Development,Shopify Design & Development,January 2024,January 2024,January 2024,,No,,1 checked out of 1
"Self Cut System – Jan 4, 2024",Self Cut System,Self Cut System,1/4/2024,$3250.00,$120.55,$3129.45,$1.31,$4254.38,$4096.58,$157.80,Meta Media Buying,Meta Media Buying,January 2024,January 2024,January 2024,,No,,0 checked out of 1
"Perfect White Tee – Jan 3, 2024",Perfect White Tee,Perfect White Tee,1/3/2024,$5000.00,$185.21,$4814.79,$1.31,$6537.80,$6295.63,$242.17,CRO Retainer,CRO Retainer,January 2024,January 2024,January 2024,,Yes,,1 checked out of 1
"Purusha People – Jan 2, 2024",Purusha People,Purusha People,1/2/2024,$5000.00,$185.21,$4814.79,$1.30,$6502.45,$6261.59,$240.86,CRO Retainer,CRO Retainer,January 2024,January 2024,January 2024,,Yes,,0 checked out of 1
"Goose Creek Candles – Jan 1, 2024",Goose Creek Candles,Goose Creek Candles,1/1/2024,$5000.00,$185.21,$4814.79,$1.30,$6492.65,$6252.15,$240.50,CRO Retainer,CRO Retainer,January 2024,January 2024,January 2024,,Yes,,1 checked out of 1
"Vush Stimulations – Dec 23, 2023",Vush Stimulations,Vush Stimulations,12/23/2023,$5000.00,$185.21,$4814.79,$1.30,$6501.20,$6260.38,$240.82,CRO Retainer,CRO Retainer,December 2023,December 2023,December 2023,,Yes,,0 checked out of 1
"Hashstash – Dec 16, 2023",Hashstash,Hashstash,12/16/2023,$5000.00,$185.21,$4814.79,$1.31,$6557.35,$6314.45,$242.90,CRO Retainer,CRO Retainer,December 2023,December 2023,December 2023,,Yes,,1 checked out of 1
"Kitty Spout – Dec 11, 2023",Kitty Spout,Kitty Spout,12/11/2023,$3000.00,$87.30,$2912.70,$1.33,$3995.97,$3879.69,$116.28,CRO Retainer,CRO Retainer,December 2023,December 2023,December 2023,,Yes,,1 checked out of 1
"Arrowhead – Dec 8, 2023",Arrowhead,Arrowhead,12/8/2023,$3000.00,$111.30,$2888.70,$1.33,$3992.91,$3844.77,$148.14,CRO Retainer,CRO Retainer,December 2023,December 2023,December 2023,,Yes,,1 checked out of 1
"Self Cut System – Dec 7, 2023",Self Cut System,Self Cut System,12/7/2023,$3250.00,$120.55,$3129.45,$1.33,$4330.14,$4169.52,$160.61,Meta Media Buying,Meta Media Buying,December 2023,December 2023,December 2023,,No,,0 checked out of 1
"Hillman Gear – Dec 6, 2023",Hillman Gear,Hillman Gear,12/6/2023,$700.00,$26.13,$673.87,$1.33,$932.42,$897.62,$34.81,Shopify Design & Development,Shopify Design & Development,December 2023,December 2023,December 2023,,No,,0 checked out of 1
"Perfect White Tee – Dec 3, 2023",Perfect White Tee,Perfect White Tee,12/3/2023,$5000.00,$185.21,$4814.79,$1.32,$6614.65,$6369.63,$245.02,CRO Retainer,CRO Retainer,December 2023,December 2023,December 2023,,Yes,,1 checked out of 1
"Goose Creek Candles – Dec 1, 2023",Goose Creek Candles,Goose Creek Candles,12/1/2023,$5000.00,$185.21,$4814.79,$1.33,$6642.55,$6396.50,$246.05,CRO Retainer,CRO Retainer,December 2023,December 2023,December 2023,,Yes,,1 checked out of 1
"Hashstash – Nov 30, 2023",Hashstash,Hashstash,11/30/2023,$1000.00,$36.48,$963.52,$1.33,$1333.78,$1285.12,$48.66,Shopify Site Speed Development,Shopify Site Speed Development,November 2023,November 2023,November 2023,,No,,1 checked out of 1
"Purusha People – Nov 30, 2023",Purusha People,Purusha People,11/30/2023,$5000.00,$185.21,$4814.79,$1.33,$6668.90,$6421.87,$247.03,CRO Retainer,CRO Retainer,November 2023,November 2023,November 2023,,Yes,,0 checked out of 1
"Infinite Age – Nov 28, 2023",Infinite Age,Infinite Age,11/28/2023,$4500.00,$166.71,$4333.29,$1.33,$5991.66,$5769.69,$221.97,CRO Retainer,CRO Retainer,November 2023,November 2023,November 2023,,Yes,,1 checked out of 1
"Vush Stimulations – Nov 23, 2023",Vush Stimulations,Vush Stimulations,11/23/2023,$5000.00,$185.21,$4814.79,$1.34,$6705.50,$6457.11,$248.39,CRO Retainer,CRO Retainer,November 2023,November 2023,November 2023,,Yes,,0 checked out of 1
"Goose Creek Candles – Nov 22, 2023",Goose Creek Candles,Goose Creek Candles,11/22/2023,$1800.00,$66.83,$1733.17,$1.34,$2418.05,$2328.27,$89.78,Shopify Design & Development,Shopify Design & Development,November 2023,November 2023,November 2023,,No,,1 checked out of 1
"ViralEcomAdz – Nov 20, 2023",ViralEcomAdz,ViralEcomAdz,11/20/2023,$1100.00,$40.92,$1059.08,$1.34,$1478.76,$1423.75,$55.01,Shopify Design & Development,Shopify Design & Development,November 2023,November 2023,November 2023,,No,,0 checked out of 1
"Hashstash – Nov 16, 2023",Hashstash,Hashstash,11/16/2023,$5000.00,$185.21,$4814.79,$1.34,$6716.30,$6467.51,$248.79,CRO Retainer,CRO Retainer,November 2023,November 2023,November 2023,,Yes,,1 checked out of 1
"Kitty Spout – Nov 14, 2023",Kitty Spout,Kitty Spout,11/14/2023,$3000.00,$87.30,$2912.70,$1.36,$4067.79,$3949.42,$118.37,CRO Retainer,CRO Retainer,November 2023,November 2023,November 2023,,Yes,,1 checked out of 1
"Vush Stimulations – Nov 9, 2023",Vush Stimulations,Vush Stimulations,11/9/2023,$5000.00,$185.21,$4814.79,$1.35,$6755.70,$6505.46,$250.24,CRO Retainer,CRO Retainer,November 2023,November 2023,November 2023,,Yes,,0 checked out of 1
"Arrowhead – Nov 8, 2023",Arrowhead,Arrowhead,11/8/2023,$3000.00,$111.30,$2888.70,$1.35,$4054.38,$3903.96,$150.42,CRO Retainer,CRO Retainer,November 2023,November 2023,November 2023,,Yes,,1 checked out of 1
"Perfect White Tee – Nov 6, 2023",Perfect White Tee,Perfect White Tee,11/6/2023,$5000.00,$185.21,$4814.79,$1.34,$6694.50,$6446.52,$247.98,CRO Retainer,CRO Retainer,November 2023,November 2023,November 2023,,Yes,,1 checked out of 1
"Goose Creek Candles – Nov 1, 2023",Goose Creek Candles,Goose Creek Candles,11/1/2023,$5000.00,$185.21,$4814.79,$1.36,$6800.10,$6548.21,$251.89,CRO Retainer,CRO Retainer,November 2023,November 2023,November 2023,,Yes,,1 checked out of 1
"Infinite Age – Oct 30, 2023",Infinite Age,Infinite Age,10/30/2023,$4500.00,$166.71,$4333.29,$1.36,$6100.92,$5874.90,$226.02,CRO Retainer,CRO Retainer,October 2023,October 2023,October 2023,,Yes,,1 checked out of 1
"ViralEcomAdz – Oct 25, 2023",ViralEcomAdz,ViralEcomAdz,10/25/2023,$200.00,$7.62,$192.38,$1.35,$270.53,$260.22,$10.31,Shopify Design & Development,Shopify Design & Development,October 2023,October 2023,October 2023,,No,,0 checked out of 1
"Hashstash – Oct 25, 2023",Hashstash,Hashstash,10/25/2023,$5000.00,$185.21,$4814.79,$1.35,$6756.90,$6506.61,$250.29,CRO Retainer,CRO Retainer,October 2023,October 2023,October 2023,,Yes,,1 checked out of 1
"Kitty Spout – Oct 11, 2023",Kitty Spout,Kitty Spout,10/11/2023,$3000.00,$87.30,$2912.70,$1.33,$4000.11,$3883.71,$116.40,CRO Retainer,CRO Retainer,October 2023,October 2023,October 2023,,Yes,,1 checked out of 1
"Arrowhead – Oct 8, 2023",Arrowhead,Arrowhead,10/8/2023,$3000.00,$105.64,$2894.36,$1.34,$4017.00,$3875.55,$141.45,CRO Retainer,CRO Retainer,October 2023,October 2023,October 2023,,Yes,,1 checked out of 1
"Goose Creek Candles – Oct 2, 2023",Goose Creek Candles,Goose Creek Candles,10/2/2023,$5000.00,$175.23,$4824.77,$1.34,$6682.50,$6448.31,$234.19,CRO Retainer,CRO Retainer,October 2023,October 2023,October 2023,,Yes,,1 checked out of 1
"Infinite Age – Sep 28, 2023",Infinite Age,Infinite Age,9/28/2023,$4500.00,$157.73,$4342.27,$1.32,$5945.36,$5736.96,$208.39,CRO Retainer,CRO Retainer,September 2023,September 2023,September 2023,,Yes,,1 checked out of 1
"Arrowhead – Sep 21, 2023",Arrowhead,Arrowhead,9/21/2023,$250.00,$8.98,$241.02,$1.32,$330.21,$318.35,$11.86,Shopify Design & Development,Shopify Design & Development,September 2023,September 2023,September 2023,,No,,1 checked out of 1
"Goat Guns – Sep 12, 2023",Goat Guns,Goat Guns,9/12/2023,$3000.00,$105.23,$2894.77,$1.33,$3993.24,$3853.17,$140.07,CRO Retainer,CRO Retainer,September 2023,September 2023,September 2023,,Yes,,0 checked out of 1
"Perfect White Tee – Sep 11, 2023",Perfect White Tee,Perfect White Tee,9/11/2023,$5000.00,$175.73,$4824.27,$1.33,$6658.65,$6424.63,$234.02,CRO Retainer,CRO Retainer,September 2023,September 2023,September 2023,,Yes,,1 checked out of 1
"Kitty Spout – Sep 11, 2023",Kitty Spout,Kitty Spout,9/11/2023,$3000.00,$87.30,$2912.70,$1.33,$3995.19,$3878.93,$116.26,CRO Retainer,CRO Retainer,September 2023,September 2023,September 2023,,Yes,,1 checked out of 1
"Arrowhead – Sep 8, 2023",Arrowhead,Arrowhead,9/8/2023,$3000.00,$105.23,$2894.77,$1.34,$4015.02,$3874.19,$140.83,CRO Retainer,CRO Retainer,September 2023,September 2023,September 2023,,Yes,,1 checked out of 1
"Goose Creek Candles – Sep 8, 2023",Goose Creek Candles,Goose Creek Candles,9/8/2023,$5000.00,$175.23,$4824.77,$1.34,$6694.35,$6459.74,$234.61,CRO Retainer,CRO Retainer,September 2023,September 2023,September 2023,,Yes,,1 checked out of 1
"Goat Guns – Aug 28, 2023",Goat Guns,Goat Guns,8/28/2023,$2600.00,$91.22,$2508.78,$1.33,$3465.49,$3343.90,$121.59,Shopify Design & Development,Shopify Design & Development,August 2023,August 2023,August 2023,,No,,0 checked out of 1
"Infinite Age – Aug 28, 2023",Infinite Age,Infinite Age,8/28/2023,$4500.00,$157.73,$4342.27,$1.33,$5996.52,$5786.34,$210.18,CRO Retainer,CRO Retainer,August 2023,August 2023,August 2023,,Yes,,1 checked out of 1
"Goat Guns – Aug 12, 2023",Goat Guns,Goat Guns,8/12/2023,$3000.00,$105.23,$2894.77,$1.32,$3951.21,$3812.61,$138.60,CRO Retainer,CRO Retainer,August 2023,August 2023,August 2023,,Yes,,0 checked out of 1
"Kitty Spout – Aug 11, 2023",Kitty Spout,Kitty Spout,8/11/2023,$3000.00,$87.30,$2912.70,$1.32,$3951.69,$3836.70,$114.99,CRO Retainer,CRO Retainer,August 2023,August 2023,August 2023,,Yes,,1 checked out of 1
"Perfect White Tee – Aug 10, 2023",Perfect White Tee,Perfect White Tee,8/10/2023,$5000.00,$175.23,$4824.77,$1.31,$6563.80,$6333.77,$230.03,CRO Retainer,CRO Retainer,August 2023,August 2023,August 2023,,Yes,,1 checked out of 1
"Arrowhead – Aug 8, 2023",Arrowhead,Arrowhead,8/8/2023,$3000.00,$105.23,$2894.77,$1.32,$3947.34,$3808.88,$138.46,CRO Retainer,CRO Retainer,August 2023,August 2023,August 2023,,Yes,,1 checked out of 1
"Everymarket – Aug 1, 2023",Everymarket,Everymarket,8/1/2023,$6000.00,$210.23,$5789.77,$1.30,$7804.02,$7530.58,$273.44,Shopify Design & Development,Shopify Design & Development,August 2023,August 2023,August 2023,,No,,0 checked out of 1
"Goat Guns – Jul 12, 2023",Goat Guns,Goat Guns,7/12/2023,$3000.00,$105.23,$2894.77,$1.30,$3886.86,$3750.52,$136.34,CRO Retainer,CRO Retainer,July 2023,July 2023,July 2023,,Yes,,0 checked out of 1
"Kitty Spout – Jul 11, 2023",Kitty Spout,Kitty Spout,7/11/2023,$3000.00,$87.30,$2912.70,$1.30,$3903.60,$3790.01,$113.59,CRO Retainer,CRO Retainer,July 2023,July 2023,July 2023,,Yes,,1 checked out of 1
"Arrowhead – Jul 8, 2023",Arrowhead,Arrowhead,7/8/2023,$3000.00,$105.23,$2894.77,$1.30,$3909.75,$3772.61,$137.14,CRO Retainer,CRO Retainer,July 2023,July 2023,July 2023,,Yes,,1 checked out of 1
"Kitty Spout – Jul 3, 2023",Kitty Spout,Kitty Spout,7/3/2023,$3000.00,$87.30,$2912.70,$1.30,$3895.56,$3782.20,$113.36,CRO Retainer,CRO Retainer,July 2023,July 2023,July 2023,,Yes,,1 checked out of 1
"Hashstash – Jun 23, 2023",Hashstash,Hashstash,6/23/2023,$5000.00,$175.23,$4824.77,$1.29,$6471.65,$6244.84,$226.81,CRO Retainer,CRO Retainer,June 2023,June 2023,June 2023,,Yes,,1 checked out of 1
"Goat Guns – Jun 12, 2023",Goat Guns,Goat Guns,6/12/2023,$3000.00,$105.23,$2894.77,$1.31,$3929.25,$3791.43,$137.82,CRO Retainer,CRO Retainer,June 2023,June 2023,June 2023,,Yes,,0 checked out of 1
"Kitty Spout – Jun 6, 2023",Kitty Spout,Kitty Spout,6/6/2023,$1000.00,$29.22,$970.78,$1.32,$1318.01,$1279.50,$38.51,Shopify Design & Development,Shopify Design & Development,June 2023,June 2023,June 2023,,No,,1 checked out of 1
"SmartShavy – May 30, 2023",SmartShavy,SmartShavy,5/30/2023,$3000.00,$105.23,$2894.77,$1.33,$3999.78,$3859.48,$140.30,CRO Retainer,CRO Retainer,May 2023,May 2023,May 2023,,Yes,,0 checked out of 1
"Hashstash – May 23, 2023",Hashstash,Hashstash,5/23/2023,$5000.00,$175.23,$4824.77,$1.32,$6615.45,$6383.60,$231.85,CRO Retainer,CRO Retainer,May 2023,May 2023,May 2023,,Yes,,1 checked out of 1
"Everymarket – May 18, 2023",Everymarket,Everymarket,5/18/2023,$6000.00,$210.23,$5789.77,$1.32,$7922.46,$7644.87,$277.59,Shopify Design & Development,Shopify Design & Development,May 2023,May 2023,May 2023,,No,,0 checked out of 1
"Kitty Spout – May 11, 2023",Kitty Spout,Kitty Spout,5/11/2023,$3000.00,$87.30,$2912.70,$1.32,$3947.37,$3832.50,$114.87,CRO Retainer,CRO Retainer,May 2023,May 2023,May 2023,,Yes,,1 checked out of 1
"Infinite Age – May 11, 2023",Infinite Age,Infinite Age,5/11/2023,$5000.00,$175.23,$4824.77,$1.32,$6578.95,$6348.38,$230.57,CRO Retainer,CRO Retainer,May 2023,May 2023,May 2023,,Yes,,1 checked out of 1
"Arrowhead – May 10, 2023",Arrowhead,Arrowhead,5/10/2023,$3000.00,$105.23,$2894.77,$1.31,$3935.31,$3797.27,$138.04,CRO Retainer,CRO Retainer,May 2023,May 2023,May 2023,,Yes,,1 checked out of 1
"Sirciam – Apr 24, 2023",Sirciam,Sirciam,4/24/2023,$300.00,$10.84,$289.16,$1.33,$399.65,$385.21,$14.44,Shopify Design & Development,Shopify Design & Development,April 2023,April 2023,April 2023,,No,,0 checked out of 1
"Goose Creek Candles – Apr 19, 2023",Goose Creek Candles,Goose Creek Candles,4/19/2023,$7500.00,$262.73,$7237.27,$1.32,$9881.70,$9535.54,$346.16,CRO Retainer,CRO Retainer,April 2023,April 2023,April 2023,,Yes,,1 checked out of 1
"Hashstash – Apr 12, 2023",Hashstash,Hashstash,4/12/2023,$5000.00,$175.23,$4824.77,$1.32,$6604.95,$6373.47,$231.48,CRO Retainer,CRO Retainer,April 2023,April 2023,April 2023,,Yes,,1 checked out of 1
"Infinite Age – Apr 11, 2023",Infinite Age,Infinite Age,4/11/2023,$5000.00,$175.23,$4824.77,$1.32,$6619.60,$6387.61,$231.99,CRO Retainer,CRO Retainer,April 2023,April 2023,April 2023,,Yes,,1 checked out of 1
"Arrowhead – Apr 10, 2023",Arrowhead,Arrowhead,4/10/2023,$3000.00,$105.23,$2894.77,$1.32,$3968.28,$3829.09,$139.19,CRO Retainer,CRO Retainer,April 2023,April 2023,April 2023,,Yes,,1 checked out of 1
"Mike M – Mar 24, 2023",Mike M,Mike M,3/24/2023,$2000.00,$70.22,$1929.78,$1.35,$2702.46,$2607.58,$94.88,Shopify Design & Development,Shopify Design & Development,March 2023,March 2023,March 2023,,No,,0 checked out of 1
"Goose Creek Candles – Mar 19, 2023",Goose Creek Candles,Goose Creek Candles,3/19/2023,$7500.00,$262.73,$7237.27,$1.35,$10122.08,$9767.49,$354.58,CRO Retainer,CRO Retainer,March 2023,March 2023,March 2023,,Yes,,1 checked out of 1
"Try Ember – Mar 16, 2023",Try Ember,Try Ember,3/16/2023,$2000.00,$70.22,$1929.78,$1.34,$2689.16,$2594.74,$94.42,Shopify Design & Development,Shopify Design & Development,March 2023,March 2023,March 2023,,No,,0 checked out of 1
"Khoi – Mar 15, 2023",Khoi,Khoi,3/15/2023,$2000.00,$70.22,$1929.78,$1.35,$2697.54,$2602.83,$94.71,Shopify Design & Development,Shopify Design & Development,March 2023,March 2023,March 2023,,No,,0 checked out of 1
"Battling Blades – Mar 14, 2023",Battling Blades,Battling Blades,3/14/2023,$300.00,$10.73,$289.27,$1.34,$402.47,$388.08,$14.40,Shopify Design & Development,Shopify Design & Development,March 2023,March 2023,March 2023,,No,,0 checked out of 1
"Infinite Age – Mar 11, 2023",Infinite Age,Infinite Age,3/11/2023,$5000.00,$175.23,$4824.77,$1.36,$6791.15,$6553.15,$238.00,CRO Retainer,CRO Retainer,March 2023,March 2023,March 2023,,Yes,,1 checked out of 1
"Arrowhead – Mar 10, 2023",Arrowhead,Arrowhead,3/10/2023,$3000.00,$105.23,$2894.77,$1.36,$4066.23,$3923.60,$142.63,CRO Retainer,CRO Retainer,March 2023,March 2023,March 2023,,Yes,,1 checked out of 1
"Hashstash – Mar 9, 2023",Hashstash,Hashstash,3/9/2023,$5000.00,$175.23,$4824.77,$1.35,$6756.10,$6519.33,$236.77,CRO Retainer,CRO Retainer,March 2023,March 2023,March 2023,,Yes,,1 checked out of 1
"Hillman Gear – Feb 21, 2023",Hillman Gear,Hillman Gear,2/21/2023,$500.00,$17.73,$482.27,$1.32,$659.29,$635.91,$23.38,Shopify Design & Development,Shopify Design & Development,February 2023,February 2023,February 2023,,No,,0 checked out of 1
"Goose Creek Candles – Feb 19, 2023",Goose Creek Candles,Goose Creek Candles,2/19/2023,$7500.00,$262.73,$7237.27,$1.32,$9903.75,$9556.82,$346.93,CRO Retainer,CRO Retainer,February 2023,February 2023,February 2023,,Yes,,1 checked out of 1
"Infinite Age – Feb 16, 2023",Infinite Age,Infinite Age,2/16/2023,$5000.00,$175.23,$4824.77,$1.31,$6558.55,$6328.70,$229.85,CRO Retainer,CRO Retainer,February 2023,February 2023,February 2023,,Yes,,1 checked out of 1
"Sirciam – Feb 16, 2023",Sirciam,Sirciam,2/16/2023,$2500.00,$87.72,$2412.28,$1.31,$3279.27,$3164.21,$115.06,CRO Audit,CRO Audit,February 2023,February 2023,February 2023,,No,,0 checked out of 1
"Arrowhead – Feb 10, 2023",Arrowhead,Arrowhead,2/10/2023,$3000.00,$105.23,$2894.77,$1.32,$3954.12,$3815.42,$138.70,CRO Retainer,CRO Retainer,February 2023,February 2023,February 2023,,Yes,,1 checked out of 1
"Bryan Hipkam – Feb 9, 2023",Bryan Hipkam,Bryan Hipkam,2/9/2023,$1500.00,$43.73,$1456.27,$1.31,$1970.39,$1912.94,$57.44,Shopify Design & Development,Shopify Design & Development,February 2023,February 2023,February 2023,,No,,0 checked out of 1
"Battling Blades – Feb 7, 2023",Battling Blades,Battling Blades,2/7/2023,$8000.00,$280.22,$7719.78,$1.32,$10526.96,$10158.23,$368.73,Shopify Design & Development,Shopify Design & Development,February 2023,February 2023,February 2023,,No,,0 checked out of 1
"VtKix – Jan 24, 2023",VtKix,VtKix,1/24/2023,$4000.00,$140.23,$3859.77,$1.31,$5242.00,$5058.23,$183.77,CRO Retainer,CRO Retainer,January 2023,January 2023,January 2023,,Yes,,0 checked out of 1
"Gatsby – Jan 23, 2023",Gatsby,Gatsby,1/23/2023,$5000.00,$175.23,$4824.77,$1.31,$6555.80,$6326.05,$229.75,CRO Retainer,CRO Retainer,January 2023,January 2023,January 2023,,Yes,,1 checked out of 1
"Goose Creek Candles – Jan 19, 2023",Goose Creek Candles,Goose Creek Candles,1/19/2023,$7500.00,$262.73,$7237.27,$1.32,$9920.17,$9572.66,$347.51,CRO Retainer,CRO Retainer,January 2023,January 2023,January 2023,,Yes,,1 checked out of 1
"Infinite Age – Jan 11, 2023",Infinite Age,Infinite Age,1/11/2023,$5000.00,$175.23,$4824.77,$1.32,$6580.85,$6350.22,$230.63,CRO Retainer,CRO Retainer,January 2023,January 2023,January 2023,,Yes,,1 checked out of 1
"Arrowhead – Jan 11, 2023",Arrowhead,Arrowhead,1/11/2023,$3000.00,$105.23,$2894.77,$1.32,$3945.39,$3807.00,$138.39,CRO Retainer,CRO Retainer,January 2023,January 2023,January 2023,,Yes,,1 checked out of 1
"Growth Shop – Jan 3, 2023",Growth Shop,Growth Shop,1/3/2023,$1500.00,$52.72,$1447.28,$1.34,$2003.48,$1933.06,$70.42,Affiliate Referral,Affiliate Referral,January 2023,January 2023,January 2023,,No,,0 checked out of 1
"Hillman Gear – Dec 29, 2022",Hillman Gear,Hillman Gear,12/29/2022,$5000.00,$175.23,$4824.77,$1.33,$6658.20,$6424.86,$233.34,CRO Retainer,CRO Retainer,December 2022,December 2022,December 2022,,Yes,,0 checked out of 1
"Cameron Denys – Dec 23, 2022",Cameron Denys,Cameron Denys,12/23/2022,$6000.00,$210.22,$5789.78,$1.33,$8002.02,$7721.66,$280.36,Shopify Design & Development,Shopify Design & Development,December 2022,December 2022,December 2022,,No,,0 checked out of 1
"Hillman Gear – Dec 21, 2022",Hillman Gear,Hillman Gear,12/21/2022,$5000.00,$175.23,$4824.77,$1.33,$6664.55,$6430.98,$233.57,CRO Retainer,CRO Retainer,December 2022,December 2022,December 2022,,Yes,,0 checked out of 1
"Goose Creek Candles – Dec 19, 2022",Goose Creek Candles,Goose Creek Candles,12/19/2022,$7500.00,$262.73,$7237.27,$1.34,$10041.98,$9690.20,$351.78,CRO Retainer,CRO Retainer,December 2022,December 2022,December 2022,,Yes,,1 checked out of 1
"Hillman Gear – Nov 29, 2022",Hillman Gear,Hillman Gear,11/29/2022,$5000.00,$175.23,$4824.77,$1.32,$6586.35,$6355.52,$230.83,CRO Retainer,CRO Retainer,November 2022,November 2022,November 2022,,Yes,,0 checked out of 1
"Goose Creek Candles – Nov 23, 2022",Goose Creek Candles,Goose Creek Candles,11/23/2022,$7500.00,$262.73,$7237.27,$1.31,$9857.78,$9512.45,$345.32,CRO Retainer,CRO Retainer,November 2022,November 2022,November 2022,,Yes,,1 checked out of 1
"Hillman Gear – Nov 21, 2022",Hillman Gear,Hillman Gear,11/21/2022,$5000.00,$175.23,$4824.77,$1.31,$6555.45,$6325.71,$229.74,CRO Retainer,CRO Retainer,November 2022,November 2022,November 2022,,Yes,,0 checked out of 1
"Hillman Gear – Oct 29, 2022",Hillman Gear,Hillman Gear,10/29/2022,$5000.00,$175.23,$4824.77,$1.33,$6666.55,$6432.91,$233.64,CRO Retainer,CRO Retainer,October 2022,October 2022,October 2022,,Yes,,0 checked out of 1
"Hillman Gear – Oct 24, 2022",Hillman Gear,Hillman Gear,10/24/2022,$5000.00,$175.23,$4824.77,$1.34,$6717.85,$6482.42,$235.43,CRO Retainer,CRO Retainer,October 2022,October 2022,October 2022,,Yes,,0 checked out of 1
"Goose Creek Candles – Oct 23, 2022",Goose Creek Candles,Goose Creek Candles,10/23/2022,$7500.00,$262.73,$7237.27,$1.34,$10085.17,$9731.88,$353.29,CRO Retainer,CRO Retainer,October 2022,October 2022,October 2022,,Yes,,1 checked out of 1
"Spectrum Collections – Oct 21, 2022",Spectrum Collections,Spectrum Collections,10/21/2022,$1500.00,$52.72,$1447.28,$1.35,$2031.06,$1959.68,$71.38,Shopify Design & Development,Shopify Design & Development,October 2022,October 2022,October 2022,,No,,0 checked out of 1
"Aromatic Co – Oct 20, 2022",Aromatic Co,Aromatic Co,10/20/2022,$999.00,$35.19,$963.81,$1.34,$1343.35,$1296.03,$47.32,Shopify Design & Development,Shopify Design & Development,October 2022,October 2022,October 2022,,No,,0 checked out of 1
"Hillman Gear – Oct 20, 2022",Hillman Gear,Hillman Gear,10/20/2022,$900.00,$31.72,$868.28,$1.34,$1210.22,$1167.57,$42.65,Shopify Design & Development,Shopify Design & Development,October 2022,October 2022,October 2022,,No,,0 checked out of 1
"Aquarium Co-op – Oct 14, 2022",Aquarium Co-op,Aquarium Co-op,10/14/2022,$7500.00,$262.73,$7237.27,$1.36,$10203.60,$9846.16,$357.44,CRO Retainer,CRO Retainer,October 2022,October 2022,October 2022,,Yes,,0 checked out of 1
"EvenSkyn – Oct 14, 2022",EvenSkyn,EvenSkyn,10/14/2022,$1800.00,$51.69,$1748.31,$1.36,$2448.86,$2378.54,$70.32,Shopify Design & Development,Shopify Design & Development,October 2022,October 2022,October 2022,,No,,0 checked out of 1
"Chess House – Oct 11, 2022",Chess House,Chess House,10/11/2022,$4000.00,$140.22,$3859.78,$1.35,$5407.84,$5218.27,$189.57,CRO Retainer,CRO Retainer,October 2022,October 2022,October 2022,,Yes,,0 checked out of 1
"Sherbrooke Canine – Oct 4, 2022",Sherbrooke Canine,Sherbrooke Canine,10/4/2022,$4000.00,$169.08,$3830.92,$1.34,$5345.52,$5119.56,$225.96,CRO Retainer,CRO Retainer,October 2022,October 2022,October 2022,,Yes,,0 checked out of 1
"Hillman Gear – Sep 29, 2022",Hillman Gear,Hillman Gear,9/29/2022,$600.00,$21.22,$578.78,$1.34,$804.10,$775.66,$28.44,Shopify Design & Development,Shopify Design & Development,September 2022,September 2022,September 2022,,No,,0 checked out of 1
"Truck Mount Forums – Sep 26, 2022",Truck Mount Forums,Truck Mount Forums,9/26/2022,$1500.00,$52.72,$1447.28,$1.34,$2010.05,$1939.40,$70.65,Shopify Design & Development,Shopify Design & Development,September 2022,September 2022,September 2022,,No,,0 checked out of 1
"Aquarium Co-op – Sep 26, 2022",Aquarium Co-op,Aquarium Co-op,9/26/2022,$1500.00,$52.72,$1447.28,$1.34,$2010.05,$1939.40,$70.65,Shopify Design & Development,Shopify Design & Development,September 2022,September 2022,September 2022,,No,,0 checked out of 1
"Sherbrooke Canine – Sep 26, 2022",Sherbrooke Canine,Sherbrooke Canine,9/26/2022,$999.00,$29.19,$969.81,$1.34,$1338.69,$1299.57,$39.12,Shopify Design & Development,Shopify Design & Development,September 2022,September 2022,September 2022,,No,,0 checked out of 1
"Outlet Group – Sep 21, 2022",Outlet Group,Outlet Group,9/21/2022,$1500.00,$52.73,$1447.27,$1.31,$1966.62,$1897.49,$69.13,Shopify Design & Development,Shopify Design & Development,September 2022,September 2022,September 2022,,No,,0 checked out of 1
"Hillman Gear – Sep 21, 2022",Hillman Gear,Hillman Gear,9/21/2022,$5000.00,$175.23,$4824.77,$1.31,$6548.95,$6319.44,$229.51,CRO Retainer,CRO Retainer,September 2022,September 2022,September 2022,,Yes,,0 checked out of 1